residue	variable	GEMME_score	change	WT_AA	Pos
P523	A	-0.224041867683986	P523A	P	523
P524	A	-0.157222699465812	P524A	P	524
T525	A	-0.240964179233789	T525A	T	525
D526	A	-1.35408378141534	D526A	D	526
E527	A	-1.21108533664127	E527A	E	527
S528	A	-0.539743631956482	S528A	S	528
I529	A	-0.288587988584573	I529A	I	529
K530	A	-1.46652831368171	K530A	K	530
Y531	A	-2.27390237815317	Y531A	Y	531
T532	A	-0.0711558816328256	T532A	T	532
I533	A	-5.12201807324096	I533A	I	533
Y534	A	-1.36293709866778	Y534A	Y	534
N535	A	-3.87529533282995	N535A	N	535
S536	A	-1.48154362849456	S536A	S	536
T537	A	-0.236254795304957	T537A	T	537
G538	A	-1.49787770711905	G538A	G	538
I539	A	-4.76560475575596	I539A	I	539
Q540	A	-5.35815178389122	Q540A	Q	540
I541	A	-4.78290589206954	I541A	I	541
G542	A	-5.37874996529647	G542A	G	542
A543	A		A543A	A	543
Y544	A	-2.36005826647797	Y544A	Y	544
N545	A	-4.59973333976951	N545A	N	545
Y546	A	-1.28685683530811	Y546A	Y	546
M547	A	-4.50989487708464	M547A	M	547
E548	A	-1.0501612054452	E548A	E	548
I549	A	-3.91272512032519	I549A	I	549
G550	A	-1.4193679894023	G550A	G	550
G551	A	-0.465725710062898	G551A	G	551
T552	A	-0.233910008790164	T552A	T	552
S553	A	-1.76085551371431	S553A	S	553
S554	A	-0.366049373208616	S554A	S	554
S555	A	-0.214128955994399	S555A	S	555
L556	A	-0.638447149153621	L556A	L	556
P523	C	-0.593116178583279	P523C	P	523
P524	C	-0.582045206997899	P524C	P	524
T525	C	-1.23349665780031	T525C	T	525
D526	C	-1.35408378141534	D526C	D	526
E527	C	-2.88485554013258	E527C	E	527
S528	C	-1.87600789157858	S528C	S	528
I529	C	-1.32256818808584	I529C	I	529
K530	C	-2.24304548838424	K530C	K	530
Y531	C	-0.264274351712628	Y531C	Y	531
T532	C	-0.340019339320191	T532C	T	532
I533	C	-5.12201807324096	I533C	I	533
Y534	C	-0.245050843425527	Y534C	Y	534
N535	C	-3.87529533282995	N535C	N	535
S536	C	-0.711735715281832	S536C	S	536
T537	C	-0.702215130025604	T537C	T	537
G538	C	-3.74961823822537	G538C	G	538
I539	C	-4.76560475575596	I539C	I	539
Q540	C	-5.35815178389122	Q540C	Q	540
I541	C	-4.78290589206954	I541C	I	541
G542	C	-5.37874996529647	G542C	G	542
A543	C	-1.97047187613164	A543C	A	543
Y544	C	-0.809224558313798	Y544C	Y	544
N545	C	-4.59973333976951	N545C	N	545
Y546	C	-1.95113958046207	Y546C	Y	546
M547	C	-4.50989487708464	M547C	M	547
E548	C	-2.28982251707594	E548C	E	548
I549	C	-3.91272512032519	I549C	I	549
G550	C	-2.5435640310831	G550C	G	550
G551	C	-1.82546715673412	G551C	G	551
T552	C	-0.56728023889993	T552C	T	552
S553	C	-1.76085551371431	S553C	S	553
S554	C	-1.31976335443761	S554C	S	554
S555	C	-0.856735459997932	S555C	S	555
L556	C	-1.22429136634122	L556C	L	556
P523	D	-0.803859469165434	P523D	P	523
P524	D	-0.267156327429444	P524D	P	524
T525	D	-1.13209365725016	T525D	T	525
D526	D		D526D	D	526
E527	D	-0.533301326402381	E527D	E	527
S528	D	-1.12676859857817	S528D	S	528
I529	D	-1.76853625126829	I529D	I	529
K530	D	-1.30799662618229	K530D	K	530
Y531	D	-3.26645581219389	Y531D	Y	531
T532	D	-1.78151214617222	T532D	T	532
I533	D	-5.12201807324096	I533D	I	533
Y534	D	-1.41256792694542	Y534D	Y	534
N535	D	-2.75702116900114	N535D	N	535
S536	D	-4.68088073134639	S536D	S	536
T537	D	-1.80247082749222	T537D	T	537
G538	D	-4.47263454614778	G538D	G	538
I539	D	-4.76560475575596	I539D	I	539
Q540	D	-3.23324456220253	Q540D	Q	540
I541	D	-4.78290589206954	I541D	I	541
G542	D	-5.37874996529647	G542D	G	542
A543	D	-0.364013645513388	A543D	A	543
Y544	D	-1.99974203913176	Y544D	Y	544
N545	D	-3.08374164450078	N545D	N	545
Y546	D	-2.2985216217208	Y546D	Y	546
M547	D	-4.50989487708464	M547D	M	547
E548	D	-0.328341843784082	E548D	E	548
I549	D	-3.91272512032519	I549D	I	549
G550	D	-0.708137307105818	G550D	G	550
G551	D	-0.540941698720905	G551D	G	551
T552	D	-0.431347025572499	T552D	T	552
S553	D	-0.657413488130369	S553D	S	553
S554	D	-0.68890933454264	S554D	S	554
S555	D	-1.03635540548033	S555D	S	555
L556	D	-1.34764477383146	L556D	L	556
P523	E	-1.12305450791159	P523E	P	523
P524	E	-0.261647010071542	P524E	P	524
T525	E	-1.58058100586024	T525E	T	525
D526	E	-0.0835951493397501	D526E	D	526
E527	E		E527E	E	527
S528	E	-1.1246438798738	S528E	S	528
I529	E	-0.956506119049049	I529E	I	529
K530	E	-2.47724603471953	K530E	K	530
Y531	E	-3.26645581219389	Y531E	Y	531
T532	E	-1.78151214617222	T532E	T	532
I533	E	-5.12201807324096	I533E	I	533
Y534	E	-1.41256792694542	Y534E	Y	534
N535	E	-1.28688663050984	N535E	N	535
S536	E	-4.68088073134639	S536E	S	536
T537	E	-1.6523887471069	T537E	T	537
G538	E	-4.47263454614778	G538E	G	538
I539	E	-4.76560475575596	I539E	I	539
Q540	E	-3.23324456220253	Q540E	Q	540
I541	E	-4.78290589206954	I541E	I	541
G542	E	-5.37874996529647	G542E	G	542
A543	E	-0.414463036119384	A543E	A	543
Y544	E	-1.99974203913176	Y544E	Y	544
N545	E	-3.08374164450078	N545E	N	545
Y546	E	-2.2985216217208	Y546E	Y	546
M547	E	-4.50989487708464	M547E	M	547
E548	E		E548E	E	548
I549	E	-3.91272512032519	I549E	I	549
G550	E	-0.702403174787628	G550E	G	550
G551	E	-0.276468489548116	G551E	G	551
T552	E	-0.678220941968004	T552E	T	552
S553	E	-0.937034203434998	S553E	S	553
S554	E	-1.39103758111954	S554E	S	554
S555	E	-0.763201030614037	S555E	S	555
L556	E	-1.34764477383146	L556E	L	556
P523	F	-0.803400363371895	P523F	P	523
P524	F	-0.717054705370309	P524F	P	524
T525	F	-0.856072497690062	T525F	T	525
D526	F	-1.41253331423258	D526F	D	526
E527	F	-3.5904267935359	E527F	E	527
S528	F	-3.02145545456662	S528F	S	528
I529	F	-0.525529201410235	I529F	I	529
K530	F	-2.60716581998509	K530F	K	530
Y531	F	-0.809909605886016	Y531F	Y	531
T532	F	-0.954847756369646	T532F	T	532
I533	F	-2.29354857701841	I533F	I	533
Y534	F	-0.105271421322565	Y534F	Y	534
N535	F	-3.96526488094556	N535F	N	535
S536	F	-5.02268098659681	S536F	S	536
T537	F	-0.964062072901525	T537F	T	537
G538	F	-4.560216476285	G538F	G	538
I539	F	-4.76560475575596	I539F	I	539
Q540	F	-5.35815178389122	Q540F	Q	540
I541	F	-2.28651760430965	I541F	I	541
G542	F	-5.37874996529647	G542F	G	542
A543	F	-2.69293111476831	A543F	A	543
Y544	F	-0.809117961573519	Y544F	Y	544
N545	F	-5.10831572009868	N545F	N	545
Y546	F	-0.365022008267063	Y546F	Y	546
M547	F	-4.50989487708464	M547F	M	547
E548	F	-2.94876790888159	E548F	E	548
I549	F	-1.70632636424083	I549F	I	549
G550	F	-3.11370597657319	G550F	G	550
G551	F	-2.41085855218397	G551F	G	551
T552	F	-0.547895091491854	T552F	T	552
S553	F	-2.38808276130818	S553F	S	553
S554	F	-1.05341027774658	S554F	S	554
S555	F	-0.824984333528723	S555F	S	555
L556	F	-0.592987735707025	L556F	L	556
P523	G	-0.522613404593969	P523G	P	523
P524	G	-0.356449346515789	P524G	P	524
T525	G	-0.69440719322689	T525G	T	525
D526	G	-0.520753190514294	D526G	D	526
E527	G	-1.72456969188534	E527G	E	527
S528	G	-1.50333835665526	S528G	S	528
I529	G	-0.434570689673763	I529G	I	529
K530	G	-1.69158136634774	K530G	K	530
Y531	G	-3.26645581219389	Y531G	Y	531
T532	G	-0.900136178355476	T532G	T	532
I533	G	-5.12201807324096	I533G	I	533
Y534	G	-1.20841117541385	Y534G	Y	534
N535	G	-1.7350721814023	N535G	N	535
S536	G	-2.75676627242132	S536G	S	536
T537	G	-2.4701469237491	T537G	T	537
G538	G		G538G	G	538
I539	G	-4.76560475575596	I539G	I	539
Q540	G	-5.35815178389122	Q540G	Q	540
I541	G	-4.78290589206954	I541G	I	541
G542	G		G542G	G	542
A543	G	-3.15786909674567	A543G	A	543
Y544	G	-3.07213127885142	Y544G	Y	544
N545	G	-5.10831572009868	N545G	N	545
Y546	G	-2.82828508285243	Y546G	Y	546
M547	G	-4.50989487708464	M547G	M	547
E548	G	-3.40907308854784	E548G	E	548
I549	G	-3.91272512032519	I549G	I	549
G550	G		G550G	G	550
G551	G		G551G	G	551
T552	G	-0.93693845975949	T552G	T	552
S553	G	-0.774838708738289	S553G	S	553
S554	G	-1.39450540053201	S554G	S	554
S555	G	-1.34991342815991	S555G	S	555
L556	G	-0.846979677067373	L556G	L	556
P523	H	-0.685482161078138	P523H	P	523
P524	H	-0.555250473102696	P524H	P	524
T525	H	-1.20776963974541	T525H	T	525
D526	H	-1.01244199090755	D526H	D	526
E527	H	-3.5904267935359	E527H	E	527
S528	H	-3.02145545456662	S528H	S	528
I529	H	-1.52426431307727	I529H	I	529
K530	H	-1.44017420138195	K530H	K	530
Y531	H	-2.06064204320502	Y531H	Y	531
T532	H	-1.35678174419371	T532H	T	532
I533	H	-4.39237490897301	I533H	I	533
Y534	H	-0.207672481063023	Y534H	Y	534
N535	H	-2.36702484592473	N535H	N	535
S536	H	-5.02268098659681	S536H	S	536
T537	H	-1.56477692817531	T537H	T	537
G538	H	-4.560216476285	G538H	G	538
I539	H	-4.76560475575596	I539H	I	539
Q540	H	-5.35815178389122	Q540H	Q	540
I541	H	-4.37278456827584	I541H	I	541
G542	H	-5.37874996529647	G542H	G	542
A543	H	-1.02584401980143	A543H	A	543
Y544	H	-0.302459477589572	Y544H	Y	544
N545	H	-5.10831572009868	N545H	N	545
Y546	H	-0.29418014080171	Y546H	Y	546
M547	H	-4.50989487708464	M547H	M	547
E548	H	-2.17901992752865	E548H	E	548
I549	H	-3.31078133348055	I549H	I	549
G550	H	-3.11370597657319	G550H	G	550
G551	H	-2.41085855218397	G551H	G	551
T552	H	-0.3715537079454	T552H	T	552
S553	H	-1.23221766466153	S553H	S	553
S554	H	-1.69097878535979	S554H	S	554
S555	H	-0.572598023608112	S555H	S	555
L556	H	-1.00443763881041	L556H	L	556
P523	I	-0.410080752223417	P523I	P	523
P524	I	-0.655256729914742	P524I	P	524
T525	I	-0.614070980272402	T525I	T	525
D526	I	-0.792555258674712	D526I	D	526
E527	I	-1.90452875687513	E527I	E	527
S528	I	-1.77884319009184	S528I	S	528
I529	I		I529I	I	529
K530	I	-2.67364310794587	K530I	K	530
Y531	I	-0.651296247830493	Y531I	Y	531
T532	I	-1.28564995986259	T532I	T	532
I533	I		I533I	I	533
Y534	I	-0.777182819594884	Y534I	Y	534
N535	I	-4.55274870530094	N535I	N	535
S536	I	-4.41726942102273	S536I	S	536
T537	I	-2.4701469237491	T537I	T	537
G538	I	-4.89467800144712	G538I	G	538
I539	I		I539I	I	539
Q540	I	-5.35815178389122	Q540I	Q	540
I541	I		I541I	I	541
G542	I	-5.37874996529647	G542I	G	542
A543	I	-3.017908818047	A543I	A	543
Y544	I	-3.07213127885142	Y544I	Y	544
N545	I	-5.10831572009868	N545I	N	545
Y546	I	-1.41978782667421	Y546I	Y	546
M547	I	-2.04407604582865	M547I	M	547
E548	I	-2.78191298270755	E548I	E	548
I549	I		I549I	I	549
G550	I	-1.84087281317263	G550I	G	550
G551	I	-1.28503122350453	G551I	G	551
T552	I	-0.186529244450904	T552I	T	552
S553	I	-2.1800932705349	S553I	S	553
S554	I	-0.698758330105142	S554I	S	554
S555	I	-0.801421166642403	S555I	S	555
L556	I	-0.341493123713407	L556I	L	556
P523	K	-0.611138430961961	P523K	P	523
P524	K	-0.538136406616499	P524K	P	524
T525	K	-0.606923471342627	T525K	T	525
D526	K	-1.64877890078777	D526K	D	526
E527	K	-2.04374852210814	E527K	E	527
S528	K	-1.46982143717487	S528K	S	528
I529	K	-1.70590902979458	I529K	I	529
K530	K		K530K	K	530
Y531	K	-3.26645581219389	Y531K	Y	531
T532	K	-1.11206542609287	T532K	T	532
I533	K	-5.12201807324096	I533K	I	533
Y534	K	-1.08891253347428	Y534K	Y	534
N535	K	-2.98280096251722	N535K	N	535
S536	K	-5.02268098659681	S536K	S	536
T537	K	-1.19859836172541	T537K	T	537
G538	K	-3.24985168505413	G538K	G	538
I539	K	-4.76560475575596	I539K	I	539
Q540	K	-5.35815178389122	Q540K	Q	540
I541	K	-4.78290589206954	I541K	I	541
G542	K	-5.37874996529647	G542K	G	542
A543	K	-1.69633528044077	A543K	A	543
Y544	K	-1.11360107188695	Y544K	Y	544
N545	K	-5.10831572009868	N545K	N	545
Y546	K	-1.68431666044801	Y546K	Y	546
M547	K	-4.50989487708464	M547K	M	547
E548	K	-1.03913567722435	E548K	E	548
I549	K	-3.91272512032519	I549K	I	549
G550	K	-0.912249087884579	G550K	G	550
G551	K	-1.0063596688215	G551K	G	551
T552	K	-0.511029000801035	T552K	T	552
S553	K	-1.31164809585428	S553K	S	553
S554	K	-1.51991588833481	S554K	S	554
S555	K	-0.878120158394945	S555K	S	555
L556	K	-0.950126215417431	L556K	L	556
P523	L	-0.208824408439035	P523L	P	523
P524	L	-0.0319114105089856	P524L	P	524
T525	L	-0.588198163724189	T525L	T	525
D526	L	-0.972449628848878	D526L	D	526
E527	L	-3.23907431364897	E527L	E	527
S528	L	-0.872415817944159	S528L	S	528
I529	L	-0.203141812821619	I529L	I	529
K530	L	-1.61307849532587	K530L	K	530
Y531	L	-1.05609917827525	Y531L	Y	531
T532	L	-2.18317655251	T532L	T	532
I533	L	-0.82184853424471	I533L	I	533
Y534	L	-0.587499489547025	Y534L	Y	534
N535	L	-4.55274870530094	N535L	N	535
S536	L	-4.41726942102273	S536L	S	536
T537	L	-2.4701469237491	T537L	T	537
G538	L	-4.89467800144712	G538L	G	538
I539	L	-2.08791251080265	I539L	I	539
Q540	L	-5.35815178389122	Q540L	Q	540
I541	L	-0.569834899611269	I541L	I	541
G542	L	-5.37874996529647	G542L	G	542
A543	L	-3.017908818047	A543L	A	543
Y544	L	-3.07213127885142	Y544L	Y	544
N545	L	-5.10831572009868	N545L	N	545
Y546	L	-1.40290635257334	Y546L	Y	546
M547	L	-1.16907687807591	M547L	M	547
E548	L	-2.78191298270755	E548L	E	548
I549	L	-0.480248201894366	I549L	I	549
G550	L	-2.84305906485945	G550L	G	550
G551	L	-0.691091051228365	G551L	G	551
T552	L	-0.143642140188157	T552L	T	552
S553	L	-0.731565276021051	S553L	S	553
S554	L	-0.36041545976183	S554L	S	554
S555	L	-0.382656399568561	S555L	S	555
L556	L		L556L	L	556
P523	M	-0.409549721800946	P523M	P	523
P524	M	-0.655256729914742	P524M	P	524
T525	M	-0.936682140771755	T525M	T	525
D526	M	-1.4654843859103	D526M	D	526
E527	M	-3.23907431364897	E527M	E	527
S528	M	-1.40073868030166	S528M	S	528
I529	M	-0.236147102123924	I529M	I	529
K530	M	-1.57631316167568	K530M	K	530
Y531	M	-2.14039891180798	Y531M	Y	531
T532	M	-2.18317655251	T532M	T	532
I533	M	-1.21540138242641	I533M	I	533
Y534	M	-1.67399260672772	Y534M	Y	534
N535	M	-4.55274870530094	N535M	N	535
S536	M	-3.96553731504333	S536M	S	536
T537	M	-2.4701469237491	T537M	T	537
G538	M	-4.89467800144712	G538M	G	538
I539	M	-2.87568667025788	I539M	I	539
Q540	M	-5.35815178389122	Q540M	Q	540
I541	M	-1.35523255778397	I541M	I	541
G542	M	-5.37874996529647	G542M	G	542
A543	M	-3.017908818047	A543M	A	543
Y544	M	-3.07213127885142	Y544M	Y	544
N545	M	-5.10831572009868	N545M	N	545
Y546	M	-1.3953941175602	Y546M	Y	546
M547	M		M547M	M	547
E548	M	-1.39323516390082	E548M	E	548
I549	M	-0.420130080830797	I549M	I	549
G550	M	-2.84305906485945	G550M	G	550
G551	M	-1.93767950254871	G551M	G	551
T552	M	-0.0752916133004223	T552M	T	552
S553	M	-2.1800932705349	S553M	S	553
S554	M	-1.4515084978013	S554M	S	554
S555	M	-1.5249393006483	S555M	S	555
L556	M	-1.06291499974375	L556M	L	556
P523	N	-0.699719604899028	P523N	P	523
P524	N	-0.232714283064714	P524N	P	524
T525	N	-1.13359665526187	T525N	T	525
D526	N	-0.186716465559792	D526N	D	526
E527	N	-0.879919721675126	E527N	E	527
S528	N	-1.05320026511196	S528N	S	528
I529	N	-1.76853625126829	I529N	I	529
K530	N	-0.943055653048346	K530N	K	530
Y531	N	-3.26645581219389	Y531N	Y	531
T532	N	-0.336056511099463	T532N	T	532
I533	N	-5.12201807324096	I533N	I	533
Y534	N	-0.671709450334238	Y534N	Y	534
N535	N		N535N	N	535
S536	N	-3.09249351004684	S536N	S	536
T537	N	-1.25742959763924	T537N	T	537
G538	N	-3.73344366272113	G538N	G	538
I539	N	-4.76560475575596	I539N	I	539
Q540	N	-3.23324456220253	Q540N	Q	540
I541	N	-4.78290589206954	I541N	I	541
G542	N	-5.37874996529647	G542N	G	542
A543	N	-0.422061672719644	A543N	A	543
Y544	N	-0.336602599150933	Y544N	Y	544
N545	N		N545N	N	545
Y546	N	-1.27069152568067	Y546N	Y	546
M547	N	-4.50989487708464	M547N	M	547
E548	N	-1.11661232840172	E548N	E	548
I549	N	-3.91272512032519	I549N	I	549
G550	N	-0.923456565231056	G550N	G	550
G551	N	-0.7113595965566	G551N	G	551
T552	N	-0.162412462041693	T552N	T	552
S553	N	-0.178141847211867	S553N	S	553
S554	N	-0.85713875908993	S554N	S	554
S555	N	-0.783855365990436	S555N	S	555
L556	N	-0.937479111255544	L556N	L	556
P523	P		P523P	P	523
P524	P		P524P	P	524
T525	P	-0.2652372859664	T525P	T	525
D526	P	-1.10102382981497	D526P	D	526
E527	P	-1.9967209519656	E527P	E	527
S528	P	-0.62052374352969	S528P	S	528
I529	P	-0.549302092666753	I529P	I	529
K530	P	-1.04680931577091	K530P	K	530
Y531	P	-3.26645581219389	Y531P	Y	531
T532	P	-2.68125545839508	T532P	T	532
I533	P	-5.12201807324096	I533P	I	533
Y534	P	-2.07266964450686	Y534P	Y	534
N535	P	-4.55274870530094	N535P	N	535
S536	P	-5.02268098659681	S536P	S	536
T537	P	-2.4701469237491	T537P	T	537
G538	P	-4.89467800144712	G538P	G	538
I539	P	-4.76560475575596	I539P	I	539
Q540	P	-5.35815178389122	Q540P	Q	540
I541	P	-4.78290589206954	I541P	I	541
G542	P	-5.37874996529647	G542P	G	542
A543	P	-3.15786909674567	A543P	A	543
Y544	P	-3.07213127885142	Y544P	Y	544
N545	P	-5.10831572009868	N545P	N	545
Y546	P	-2.82828508285243	Y546P	Y	546
M547	P	-4.50989487708464	M547P	M	547
E548	P	-3.40907308854784	E548P	E	548
I549	P	-3.91272512032519	I549P	I	549
G550	P	-3.26345349346136	G550P	G	550
G551	P	-1.0175303971791	G551P	G	551
T552	P	-0.650909551211961	T552P	T	552
S553	P	-1.33744381314818	S553P	S	553
S554	P	-0.460039239841326	S554P	S	554
S555	P	-0.366937420579298	S555P	S	555
L556	P	-0.412495088057153	L556P	L	556
P523	Q	-0.595634791296173	P523Q	P	523
P524	Q	-0.267540592566668	P524Q	P	524
T525	Q	-1.00106738967776	T525Q	T	525
D526	Q	-0.597953999546289	D526Q	D	526
E527	Q	-0.899387931676938	E527Q	E	527
S528	Q	-1.46653631605565	S528Q	S	528
I529	Q	-1.76853625126829	I529Q	I	529
K530	Q	-1.25322142592511	K530Q	K	530
Y531	Q	-3.26645581219389	Y531Q	Y	531
T532	Q	-1.78151214617222	T532Q	T	532
I533	Q	-5.12201807324096	I533Q	I	533
Y534	Q	-0.86875120683289	Y534Q	Y	534
N535	Q	-1.64926203723177	N535Q	N	535
S536	Q	-4.68088073134639	S536Q	S	536
T537	Q	-2.02572336225499	T537Q	T	537
G538	Q	-4.47263454614778	G538Q	G	538
I539	Q	-4.76560475575596	I539Q	I	539
Q540	Q		Q540Q	Q	540
I541	Q	-4.78290589206954	I541Q	I	541
G542	Q	-5.37874996529647	G542Q	G	542
A543	Q	-2.06696047979802	A543Q	A	543
Y544	Q	-0.531689199009948	Y544Q	Y	544
N545	Q	-3.08374164450078	N545Q	N	545
Y546	Q	-0.854785715936822	Y546Q	Y	546
M547	Q	-4.50989487708464	M547Q	M	547
E548	Q	-2.16018053932498	E548Q	E	548
I549	Q	-3.91272512032519	I549Q	I	549
G550	Q	-1.29772270225129	G550Q	G	550
G551	Q	-0.735967016833886	G551Q	G	551
T552	Q	-0.344433065659496	T552Q	T	552
S553	Q	-1.31507489832594	S553Q	S	553
S554	Q	-0.371266094568829	S554Q	S	554
S555	Q	-0.342809719009969	S555Q	S	555
L556	Q	-0.941848076293744	L556Q	L	556
P523	R	-0.611926330419576	P523R	P	523
P524	R	-0.557489113883912	P524R	P	524
T525	R	-0.263012062255337	T525R	T	525
D526	R	-1.27703008616487	D526R	D	526
E527	R	-3.3763812785701	E527R	E	527
S528	R	-1.4830371807405	S528R	S	528
I529	R	-1.26186560733627	I529R	I	529
K530	R	-0.329378301041011	K530R	K	530
Y531	R	-3.26645581219389	Y531R	Y	531
T532	R	-2.27646099904673	T532R	T	532
I533	R	-5.12201807324096	I533R	I	533
Y534	R	-0.649734667064358	Y534R	Y	534
N535	R	-2.23063176120199	N535R	N	535
S536	R	-5.02268098659681	S536R	S	536
T537	R	-0.831158246085017	T537R	T	537
G538	R	-2.08633667737924	G538R	G	538
I539	R	-4.76560475575596	I539R	I	539
Q540	R	-5.35815178389122	Q540R	Q	540
I541	R	-4.78290589206954	I541R	I	541
G542	R	-5.37874996529647	G542R	G	542
A543	R	-1.48421318426577	A543R	A	543
Y544	R	-2.71879631151964	Y544R	Y	544
N545	R	-5.10831572009868	N545R	N	545
Y546	R	-0.885087357694041	Y546R	Y	546
M547	R	-4.50989487708464	M547R	M	547
E548	R	-1.50568226331769	E548R	E	548
I549	R	-3.91272512032519	I549R	I	549
G550	R	-0.98184491014313	G550R	G	550
G551	R	-0.6338372876702	G551R	G	551
T552	R	-0.324782152159219	T552R	T	552
S553	R	-1.30949600681003	S553R	S	553
S554	R	-1.65192096476113	S554R	S	554
S555	R	-0.765850431589807	S555R	S	555
L556	R	-1.11696763644591	L556R	L	556
P523	S	-0.173489702660167	P523S	P	523
P524	S	-0.0200187755561018	P524S	P	524
T525	S	-0.21319649193917	T525S	T	525
D526	S	-0.739827196379707	D526S	D	526
E527	S	-1.78358370207841	E527S	E	527
S528	S		S528S	S	528
I529	S	-0.35270457010061	I529S	I	529
K530	S	-1.13642297886561	K530S	K	530
Y531	S	-2.27390237815317	Y531S	Y	531
T532	S	-0.274607016057237	T532S	T	532
I533	S	-5.12201807324096	I533S	I	533
Y534	S	-0.314270341526056	Y534S	Y	534
N535	S	-1.6403371814989	N535S	N	535
S536	S		S536S	S	536
T537	S	-0.121892715997721	T537S	T	537
G538	S	-2.33735392391537	G538S	G	538
I539	S	-4.76560475575596	I539S	I	539
Q540	S	-5.35815178389122	Q540S	Q	540
I541	S	-4.78290589206954	I541S	I	541
G542	S	-5.37874996529647	G542S	G	542
A543	S	-0.523692426264491	A543S	A	543
Y544	S	-0.800049249620822	Y544S	Y	544
N545	S	-2.88157467797904	N545S	N	545
Y546	S	-1.26998461481775	Y546S	Y	546
M547	S	-4.50989487708464	M547S	M	547
E548	S	-1.18375131692412	E548S	E	548
I549	S	-3.91272512032519	I549S	I	549
G550	S	-0.755750371051233	G550S	G	550
G551	S	-0.965200124653628	G551S	G	551
T552	S	-0.167622461534982	T552S	T	552
S553	S		S553S	S	553
S554	S		S554S	S	554
S555	S		S555S	S	555
L556	S	-0.339467189941854	L556S	L	556
P523	T	-0.20784520671809	P523T	P	523
P524	T	-0.155495427958027	P524T	P	524
T525	T		T525T	T	525
D526	T	-0.641934680141166	D526T	D	526
E527	T	-1.96954512823055	E527T	E	527
S528	T	-0.332752395760894	S528T	S	528
I529	T	-0.422285923196061	I529T	I	529
K530	T	-1.08945571520793	K530T	K	530
Y531	T	-1.9673076510427	Y531T	Y	531
T532	T		T532T	T	532
I533	T	-5.12201807324096	I533T	I	533
Y534	T	-0.51351996519095	Y534T	Y	534
N535	T	-3.87529533282995	N535T	N	535
S536	T	-1.56939116196397	S536T	S	536
T537	T		T537T	T	537
G538	T	-2.31438194380237	G538T	G	538
I539	T	-4.76560475575596	I539T	I	539
Q540	T	-5.35815178389122	Q540T	Q	540
I541	T	-4.78290589206954	I541T	I	541
G542	T	-5.37874996529647	G542T	G	542
A543	T	-0.390538708734545	A543T	A	543
Y544	T	-2.36005826647797	Y544T	Y	544
N545	T	-4.59973333976951	N545T	N	545
Y546	T	-1.11651011182899	Y546T	Y	546
M547	T	-4.50989487708464	M547T	M	547
E548	T	-1.09067449129249	E548T	E	548
I549	T	-3.91272512032519	I549T	I	549
G550	T	-1.76790032173231	G550T	G	550
G551	T	-1.23888544413746	G551T	G	551
T552	T		T552T	T	552
S553	T	-0.268105059432859	S553T	S	553
S554	T	-0.300858857431825	S554T	S	554
S555	T	-0.844644696502183	S555T	S	555
L556	T	-0.626785092884312	L556T	L	556
P523	V	-0.363393476379417	P523V	P	523
P524	V	-0.15467191161369	P524V	P	524
T525	V	-0.757389058580504	T525V	T	525
D526	V	-0.718110617732147	D526V	D	526
E527	V	-2.39758519009616	E527V	E	527
S528	V	-2.3613057543764	S528V	S	528
I529	V	-0.0556173548084425	I529V	I	529
K530	V	-2.67364310794587	K530V	K	530
Y531	V	-0.875150055370598	Y531V	Y	531
T532	V	-1.14188671314326	T532V	T	532
I533	V	-0.965373801054141	I533V	I	533
Y534	V	-0.796860446663642	Y534V	Y	534
N535	V	-4.55274870530094	N535V	N	535
S536	V	-3.27499316370141	S536V	S	536
T537	V	-2.4701469237491	T537V	T	537
G538	V	-4.89467800144712	G538V	G	538
I539	V	-0.45891334962179	I539V	I	539
Q540	V	-5.35815178389122	Q540V	Q	540
I541	V	-0.126150142983674	I541V	I	541
G542	V	-5.37874996529647	G542V	G	542
A543	V	-1.39763784152466	A543V	A	543
Y544	V	-3.07213127885142	Y544V	Y	544
N545	V	-5.10831572009868	N545V	N	545
Y546	V	-1.12619941078303	Y546V	Y	546
M547	V	-2.72110924098923	M547V	M	547
E548	V	-1.31575482554563	E548V	E	548
I549	V	-0.0980477859313747	I549V	I	549
G550	V	-2.84305906485945	G550V	G	550
G551	V	-0.610531153773333	G551V	G	551
T552	V	-0.156758858872248	T552V	T	552
S553	V	-1.329436205216	S553V	S	553
S554	V	-0.349804284898773	S554V	S	554
S555	V	-0.382609404066633	S555V	S	555
L556	V	-0.167058246952618	L556V	L	556
P523	W	-1.16478177453554	P523W	P	523
P524	W	-0.717054705370309	P524W	P	524
T525	W	-1.68991668195854	T525W	T	525
D526	W	-1.41253331423258	D526W	D	526
E527	W	-3.5904267935359	E527W	E	527
S528	W	-3.02145545456662	S528W	S	528
I529	W	-1.0402655288357	I529W	I	529
K530	W	-2.60716581998509	K530W	K	530
Y531	W	-1.09236433393149	Y531W	Y	531
T532	W	-1.78363024408336	T532W	T	532
I533	W	-4.39237490897301	I533W	I	533
Y534	W	-1.32132474261204	Y534W	Y	534
N535	W	-3.96526488094556	N535W	N	535
S536	W	-5.02268098659681	S536W	S	536
T537	W	-2.11610143985034	T537W	T	537
G538	W	-4.560216476285	G538W	G	538
I539	W	-4.76560475575596	I539W	I	539
Q540	W	-5.35815178389122	Q540W	Q	540
I541	W	-4.37278456827584	I541W	I	541
G542	W	-5.37874996529647	G542W	G	542
A543	W	-2.69293111476831	A543W	A	543
Y544	W	-1.14590717088774	Y544W	Y	544
N545	W	-5.10831572009868	N545W	N	545
Y546	W	-1.75578100214741	Y546W	Y	546
M547	W	-4.50989487708464	M547W	M	547
E548	W	-2.94876790888159	E548W	E	548
I549	W	-3.31078133348055	I549W	I	549
G550	W	-3.11370597657319	G550W	G	550
G551	W	-2.41085855218397	G551W	G	551
T552	W	-0.926400898490247	T552W	T	552
S553	W	-2.38808276130818	S553W	S	553
S554	W	-1.69097878535979	S554W	S	554
S555	W	-0.471105931610693	S555W	S	555
L556	W	-1.42696451129189	L556W	L	556
P523	Y	-0.843524621721121	P523Y	P	523
P524	Y	-0.179136959697948	P524Y	P	524
T525	Y	-1.68991668195854	T525Y	T	525
D526	Y	-1.41253331423258	D526Y	D	526
E527	Y	-3.5904267935359	E527Y	E	527
S528	Y	-3.02145545456662	S528Y	S	528
I529	Y	-1.52426431307727	I529Y	I	529
K530	Y	-1.91273117628368	K530Y	K	530
Y531	Y		Y531Y	Y	531
T532	Y	-0.777393480715208	T532Y	T	532
I533	Y	-4.39237490897301	I533Y	I	533
Y534	Y		Y534Y	Y	534
N535	Y	-3.96526488094556	N535Y	N	535
S536	Y	-5.02268098659681	S536Y	S	536
T537	Y	-2.11610143985034	T537Y	T	537
G538	Y	-2.97601798096328	G538Y	G	538
I539	Y	-4.76560475575596	I539Y	I	539
Q540	Y	-5.35815178389122	Q540Y	Q	540
I541	Y	-4.37278456827584	I541Y	I	541
G542	Y	-5.37874996529647	G542Y	G	542
A543	Y	-2.69293111476831	A543Y	A	543
Y544	Y		Y544Y	Y	544
N545	Y	-5.10831572009868	N545Y	N	545
Y546	Y		Y546Y	Y	546
M547	Y	-4.50989487708464	M547Y	M	547
E548	Y	-2.5234762624139	E548Y	E	548
I549	Y	-3.31078133348055	I549Y	I	549
G550	Y	-3.11370597657319	G550Y	G	550
G551	Y	-2.41085855218397	G551Y	G	551
T552	Y	-0.544338828953081	T552Y	T	552
S553	Y	-2.38808276130818	S553Y	S	553
S554	Y	-1.01522404598262	S554Y	S	554
S555	Y	-0.520808587662105	S555Y	S	555
L556	Y	-1.42696451129189	L556Y	L	556
