,ID,WT_AA,Position,Mut_AA,Allele Frequency,-log10(AF)
1,G-517-R,G,517,R,1.79936687104e-05,4.744880279776007
2,S-516-R,S,516,R,6.20332001687303e-07,6.207375813873383
3,S-516-T,S,516,T,6.201881154591811e-07,6.207476560317252
4,H-515-R,H,515,R,4.9607911469e-06,5.30444905670866
5,H-515-N,H,515,N,6.198797929105588e-07,6.207692520722918
6,N-514-S,N,514,S,4.3389433805e-06,5.362616017005347
7,W-512-G,W,512,G,9.295419589e-06,5.031731001688258
8,G-511-V,G,511,V,4.3373195365e-06,5.362778581580361
9,G-511-D,G,511,D,2.4786495325e-06,5.605784875757949
10,G-511-S,G,511,S,9.914499832e-06,5.003729190251569
11,G-511-R,G,511,R,6.19610933902384e-07,6.207880927111066
12,Q-510-H,Q,510,H,1.2392172608e-06,5.90685254600903
13,P-509-Q,P,509,Q,6.196431846685405e-07,6.207858322659611
14,P-509-S,P,509,S,4.9566049238e-06,5.304815696033613
15,S-507-R,S,507,R,4.9565005123e-06,5.304824844597318
16,W-506-C,W,506,C,2.4782717524e-06,5.605851073223549
17,W-506-R,W,506,R,1.8586969047e-06,5.730791424293877
18,A-505-V,A,505,V,3.0977744349e-06,5.5089502086700035
19,E-504-K,E,504,K,6.195963453729165e-07,6.207891152547849
20,P-503-H,P,503,H,6.195479777954005e-07,6.20792505622095
21,D-502-A,D,502,A,2.2305551356e-05,4.651587037254961
22,D-502-Y,D,502,Y,3.0977514042e-06,5.5089534374858244
23,D-502-N,D,502,N,1.2391005616e-06,5.906893446185901
24,G-499-V,G,499,V,1.2391757993e-06,5.906867076795895
25,G-499-D,G,499,D,6.1958789969e-06,5.207897072431839
26,G-499-S,G,499,S,6.195310893091237e-07,6.207936894975381
27,Q-497-H,Q,497,H,6.195349275206088e-07,6.207934204377712
28,Q-497-K,Q,497,K,9.78948881519e-05,4.009239985473513
29,S-496-W,S,496,W,3.7176517824e-06,5.429731291289367
30,S-496-L,S,496,L,1.2391266635e-06,5.90688429778254
31,S-496-T,S,496,T,6.195441394222132e-07,6.207927746875296
32,G-495-V,G,495,V,6.195356951686129e-07,6.207933666256178
33,G-495-S,G,495,S,6.195441394222132e-07,6.207927746875296
34,G-495-C,G,495,C,6.195441394222132e-07,6.207927746875296
35,G-495-R,G,495,R,3.7175366115e-06,5.429744745712766
36,V-494-A,V,494,A,1.2391742638e-06,5.906867614943582
37,V-494-L,V,494,L,6.195825252944566e-07,6.2079008395816695
38,P-493-T,P,493,T,6.195556546844603e-07,6.207919674862249
39,P-492-Q,P,492,Q,0.0651551715158023,1.1860511076315174
40,P-492-L,P,492,L,4.9605512164e-06,5.304470062029996
41,P-492-R,P,492,R,1.240065525e-06,5.9065553661328645
42,P-492-S,P,492,S,6.8151206462e-06,5.166526451565897
43,P-491-L,P,491,L,6.195617963326898e-07,6.207915369727278
44,P-491-S,P,491,S,6.195541192914283e-07,6.207920751139324
45,P-491-T,P,491,T,6.195541192914283e-07,6.207920751139324
46,H-490-R,H,490,R,6.196608472250967e-07,6.207845943532857
47,Q-489-K,Q,489,K,1.2392003687e-06,5.9068584660329435
48,L-488-F,L,488,F,6.195510485281946e-07,6.207922903685471
49,L-488-W,L,488,W,1.8586899952e-06,5.7307930387385415
50,G-487-D,G,487,D,6.8155429075e-06,5.166499543741219
51,G-487-V,G,487,V,4.3368465921e-06,5.362825939940883
52,G-487-S,G,487,S,4.9565250793e-06,5.304822692012834
53,G-483-D,G,483,D,6.195610286200021e-07,6.207915907871484
54,G-483-R,G,483,R,1.48694462618e-05,4.827705204304035
55,S-482-L,S,482,L,8.6745638243e-06,5.061752353247407
56,P-481-L,P,481,L,6.195617963326898e-07,6.207915369727278
57,P-481-S,P,481,S,3.71761032e-06,5.429736134936109
58,A-480-E,A,480,E,6.195671703747762e-07,6.20791160269917
59,A-480-V,A,480,V,6.195671703747762e-07,6.20791160269917
60,A-480-G,A,480,G,6.196124695770277e-07,6.207879850735295
61,A-480-T,A,480,T,3.0978051431e-06,5.508945903535466
62,W-477-C,W,477,C,6.196163087969406e-07,6.207877159784194
63,W-477-C,W,477,C,1.239142018e-06,5.906878916304194
64,T-476-I,T,476,I,5.5764500319e-06,5.25364218496669
65,T-472-A,T,472,A,3.59480810542e-05,4.444324287751618
66,T-471-K,T,471,K,2.4793470391e-06,5.6056626799213465
67,T-471-A,T,471,A,6.19800647319796e-07,6.207747974519342
68,M-468-I,M,468,I,6.1960479127993e-07,6.207885232587477
69,M-468-I,M,468,I,1.2392095825e-06,5.906855236944475
70,M-468-V,M,468,V,6.195994165851893e-07,6.207888999844323
71,T-467-P,T,467,P,6.196001843930149e-07,6.207888461666775
72,L-466-F,L,466,F,1.2392479747e-06,5.906841782188664
73,L-466-M,L,466,M,6.196186123517253e-07,6.207875545205529
74,Y-465-S,Y,465,S,1.8588650513e-06,5.730752137717651
75,Y-465-F,Y,465,F,2.4784867351e-06,5.60581340110351
76,N-464-K,N,464,K,6.196201480644306e-07,6.207874468816419
77,N-464-T,N,464,T,6.196485601226409e-07,6.207854555136648
78,N-464-H,N,464,H,6.196401130223566e-07,6.2078604755152025
79,N-463-K,N,463,K,1.2393186226e-06,5.906817024336146
80,N-463-D,N,463,D,6.196332019297856e-07,6.207865319401262
81,V-460-I,V,460,I,1.98295157384e-05,4.702687891680159
82,Q-459-R,Q,459,R,1.2393600935e-06,5.906802491929897
83,V-458-L,V,458,L,6.196669909590586e-07,6.207841637666926
84,V-458-M,V,458,M,6.196669909590586e-07,6.207841637666926
85,G-457-E,G,457,E,4.3380560303e-06,5.362704842941244
86,S-456-F,S,456,F,6.196608472250967e-07,6.207845943532857
87,C-455-G,C,455,G,1.2393524135e-06,5.906805183150934
89,C-455-S,C,455,S,1.2394430438e-06,5.906773425597817
90,N-454-K,N,454,K,6.196677589343698e-07,6.2078410994306825
91,N-454-S,N,454,S,1.2395628805e-06,5.90673143746292
92,I-452-M,I,452,M,1.8590862219e-06,5.730700467771385
93,V-450-I,V,450,I,2.23153682221e-05,4.651395942544861
94,V-450-F,V,450,F,6.198260024445938e-07,6.207730208539898
95,V-450-L,V,450,L,6.198260024445938e-07,6.207730208539898
96,P-448-L,P,448,L,8.6790272546e-06,5.061528947822722
97,P-448-R,P,448,R,6.199305181875215e-07,6.207656983499694
98,R-447-L,R,447,L,6.200381447466648e-07,6.207581591883346
99,R-447-Q,R,447,Q,9.9212500775e-06,5.00343360329381
100,G-446-V,G,446,V,6.201711920558551e-07,6.2074884113037125
105,R-162-I,R,162,I,1.8806749366e-06,5.725686263163422
106,R-161-K,R,161,K,1.8733362432e-06,5.727384264557333
107,G-160-A,G,160,A,9.16434045158204e-07,6.037898785316664
108,G-160-E,G,160,E,5.86517788901e-05,4.2317188113329625
109,G-160-R,G,160,R,9.090247981964948e-07,6.041424269062962
110,G-160-R,G,160,R,1.8180495963e-06,5.740394273421194
111,E-159-A,E,159,A,9.014726457140384e-07,6.045047446973402
112,G-158-E,G,158,E,8.753654650816715e-07,6.057810591170833
113,G-158-R,G,158,R,8.500842433485159e-07,6.070538033569848
114,G-157-E,G,157,E,1.66115716207e-05,4.779589277006234
115,G-157-R,G,157,R,8.230723645222888e-07,6.08456197993825
116,C-156-R,C,156,R,1.62101089481e-05,4.790214066249595
117,C-156-G,C,156,G,4.052527237e-06,5.392274057580236
118,L-155-V,L,155,V,8.081591750311141e-07,6.092503092159307
119,R-153-K,R,153,K,4.6802602224e-06,5.329729999487721
120,R-153-M,R,153,M,1.5600867408e-06,5.806851254207383
121,F-152-L,F,152,L,7.793102480856243e-07,6.10828961266397
122,R-151-K,R,151,K,7.670299832020433e-07,6.115187659147906
123,S-150-F,S,150,F,7.582420915349853e-07,6.120192110685123
124,S-150-Y,S,150,Y,1.516484183e-06,5.8191621150411805
125,I-149-T,I,149,T,7.551923248293643e-07,6.121942432509237
126,I-149-V,I,149,V,3.7405942756e-06,5.427059395096033
127,P-148-S,P,148,S,7.317505082007279e-07,6.135636967276548
128,R-147-I,R,147,I,7.156198341193224e-07,6.145317631031993
130,S-146-C,S,146,C,1.4049916543e-06,5.852326255475786
131,S-146-Y,S,146,Y,7.024978011818823e-07,6.153355030762484
132,S-145-F,S,145,F,6.936967934559419e-07,6.158830312978641
133,S-144-A,S,144,A,6.847307775528817e-07,6.164480150851863
134,D-143-E,D,143,E,6.701927742495851e-07,6.173800258864892
135,D-143-V,D,143,V,6.68479583296567e-07,6.174911852421509
136,D-143-G,D,143,G,6.68479583296567e-07,6.174911852421509
137,P-142-Q,P,142,Q,1.3201808119e-06,5.879366583769336
138,P-142-A,P,142,A,6.535213034874511e-07,6.1847402507211635
139,P-142-S,P,142,S,1.3070426069e-06,5.883710255082071
140,P-142-T,P,142,T,2.6142902332e-06,5.582646199586292
141,P-141-Q,P,141,Q,6.497126321028209e-07,6.187278689338652
142,P-141-T,P,141,T,6.465553470773758e-07,6.189394292281735
143,P-141-S,P,141,S,6.465553470773758e-07,6.189394292281735
144,L-140-F,L,140,F,6.415306407864652e-07,6.192782596020634
145,L-140-I,L,140,I,6.415314639106475e-07,6.192782038793842
146,I-139-S,I,139,S,6.369978545912258e-07,6.195862030366001
147,I-139-V,I,139,V,2.5471185085e-06,5.5939508483656795
148,C-137-Y,C,137,Y,6.311083398442678e-07,6.199896080759444
149,C-137-S,C,137,S,6.311083398442678e-07,6.199896080759444
150,P-136-T,P,136,T,3.1423891962e-06,5.502740027031761
151,F-135-S,F,135,S,6.269553168945649e-07,6.2027634102340805
152,F-135-L,F,135,L,1.2529789574e-06,5.90205622251088
153,S-134-F,S,134,F,6.257595156120742e-07,6.203592537570487
154,S-134-Y,S,134,Y,6.257595156120742e-07,6.203592537570487
155,S-134-P,S,134,P,3.1269113245e-06,5.504884434659335
156,S-134-T,S,134,T,1.8761467947e-06,5.726733184275691
157,P-132-R,P,132,R,6.242392084646837e-07,6.204648956777575
158,P-132-T,P,132,T,6.235805747168009e-07,6.205107422066746
159,L-131-R,L,131,R,8.115596053e-06,5.090679577745025
160,L-131-I,L,131,I,3.732977622e-06,5.427944613521605
161,S-130-F,S,130,F,3.7299097734e-06,5.428301673657382
162,H-129-R,H,129,R,6.207093466413418e-07,6.207111714959058
163,G-446-R,G,446,R,1.2396981087e-06,5.906684061360628
164,P-443-L,P,443,L,3.7177715677e-06,5.429717298247584
165,P-443-T,P,443,T,2.4783178169e-06,5.605843000915813
166,P-443-A,P,443,A,1.8588742657e-06,5.730749984923852
167,E-440-D,E,440,D,6.195548869869931e-07,6.2079202130011195
168,P-439-R,P,439,R,1.8588166773e-06,5.730763439686352
169,P-439-L,P,439,L,7.80760088535e-05,4.107482395356779
170,P-439-A,P,439,A,6.8153233251e-06,5.166513536017723
171,P-439-S,P,439,S,1.8587245432e-06,5.730784966458409
172,T-438-N,T,438,N,1.8585403024e-06,5.7308280168011585
173,T-438-I,T,438,I,4.9564698039e-06,5.304827535312259
174,R-437-G,R,437,G,6.194980826534342e-07,6.207960033427259
175,W-434-L,W,434,L,6.195211101818295e-07,6.20794389045131
176,W-434-S,W,434,S,1.8585633305e-06,5.730822635742277
177,W-434-R,W,434,R,1.858508064e-06,5.730835550175947
178,M-432-I,M,432,I,1.8585955708e-06,5.730815102147531
179,M-432-K,M,432,K,2.10655187198e-05,4.676427842287281
180,M-432-T,M,432,T,2.4781151456e-06,5.605878518001567
181,G-431-D,G,431,D,6.195495131579926e-07,6.207923979954544
182,G-431-V,G,431,V,6.195495131579926e-07,6.207923979954544
183,G-431-S,G,431,S,2.4781489218e-06,5.605872598697397
184,E-428-D,E,428,D,1.2391113093e-06,5.906889679222424
185,E-428-K,E,428,K,1.8588489263e-06,5.730755905085751
186,A-427-G,A,427,G,6.196086304046912e-07,6.207882541669723
187,A-427-S,A,427,S,1.2392925126e-06,5.906826174161031
188,A-427-P,A,427,P,1.17741397751e-05,4.929070812825334
189,A-427-T,A,427,T,2.4785850253e-06,5.605796178479528
190,G-426-E,G,426,E,3.90393107268e-05,4.408497858786849
191,N-424-K,N,424,K,1.2406347583e-06,5.906356055569546
192,N-424-H,N,424,H,6.203658669737064e-07,6.207352105430919
193,G-423-E,G,423,E,6.203797220202542e-07,6.207342406149591
194,G-423-R,G,423,R,0.0002562165072913,3.5913928933478587
195,R-422-Q,R,422,Q,1.30297686781e-05,4.885063294396124
196,R-422-G,R,422,G,6.205159962818681e-07,6.207247018343494
198,P-421-T,P,421,T,4.3440270868e-06,5.3621074754056055
199,G-420-E,G,420,E,6.205529623336763e-07,6.20722114685229
200,G-420-R,G,420,R,6.205683661551942e-07,6.207210366609404
201,S-418-C,S,418,C,6.205876220075264e-07,6.2071968909294855
202,S-418-G,S,418,G,6.206330705572913e-07,6.207165086666955
203,P-417-A,P,417,A,3.1032963213e-06,5.508176753400305
204,T-416-I,T,416,I,3.1035043529e-06,5.50814764114724
205,T-416-R,T,416,R,5.5863078353e-06,5.252875136037715
206,S-413-A,S,413,A,6.208010568517192e-07,6.207047552406313
207,T-412-P,T,412,P,6.207894952484772e-07,6.207055640645196
208,P-411-H,P,411,H,2.35908795176e-05,4.627255867400966
209,P-411-T,P,411,T,6.207686854478163e-07,6.207070199095598
210,S-410-T,S,410,T,6.208095356344673e-07,6.207041620935394
211,M-408-K,M,408,K,2.42092573717e-05,4.6160185325045475
212,Q-407-R,Q,407,R,1.2412723041e-06,5.906132934701577
213,Q-407-E,Q,407,E,6.206477079480145e-07,6.207154844120497
214,F-404-L,F,404,L,5.5846023825e-06,5.253007742733409
215,T-403-S,T,403,S,1.2408918537e-06,5.906266066517321
216,T-403-P,T,403,P,3.10211030359e-05,4.508342763779416
217,T-401-I,T,401,I,1.2407009464e-06,5.906332886494479
218,T-401-S,T,401,S,9.18132369873e-05,4.037094700758297
219,T-398-N,T,398,N,6.201135055760606e-07,6.207528809963668
220,Q-397-R,Q,397,R,6.200627503503355e-07,6.2075643576761275
221,P-396-R,P,396,R,6.199927832840026e-07,6.2076133656600945
222,P-396-S,P,396,S,6.199912457236104e-07,6.207614442696538
223,P-395-H,P,395,H,1.86000833283e-05,4.730485110140158
224,P-395-S,P,395,S,1.8598538154e-06,5.730521190007944
225,P-395-T,P,395,T,6.199512718300342e-07,6.2076424447065675
226,A-393-T,A,393,T,6.199259064556605e-07,6.207660214276515
227,A-393-P,A,393,P,6.199259064556605e-07,6.207660214276515
228,M-392-I,M,392,I,6.198721079866802e-07,6.207697904897012
229,S-391-L,S,391,L,9.9174865122e-06,5.003598381494709
230,S-391-T,S,391,T,6.197760625130928e-07,6.207765201441736
231,S-388-T,S,388,T,6.19722290047384e-07,6.207802882952328
232,T-387-I,T,387,I,1.2393769899e-06,5.906796571162153
233,G-386-D,G,386,D,1.2395029593e-06,5.906752432021512
234,G-386-S,G,386,S,2.478640317e-06,5.605786490446991
235,A-385-V,A,385,V,6.196800467982371e-07,6.207832487560072
236,A-385-E,A,385,E,3.0984002339e-06,5.508862483236834
237,A-385-T,A,385,T,6.19663151111056e-07,6.207844328838135
238,T-384-R,T,384,R,6.196547036129588e-07,6.207850249356097
239,T-384-K,T,384,K,6.196547036129588e-07,6.207850249356097
240,T-384-A,T,384,A,1.8588627477e-06,5.730752675917768
241,A-382-G,A,382,G,2.4784713779e-06,5.6058160920874025
242,A-382-T,A,382,T,1.8588512299e-06,5.730755366881631
243,Q-381-R,Q,381,R,1.8587567891e-06,5.73077743220864
244,P-380-L,P,380,L,3.0982005651e-06,5.508890471180835
245,V-379-A,V,379,A,1.54904653087e-05,4.809935536536103
246,V-379-D,V,379,D,4.39961382544e-05,4.3565854418867085
247,V-379-F,V,379,F,6.195840608282848e-07,6.207899763255249
248,Q-378-H,Q,378,H,7.18693464845e-05,4.143456304210539
249,Q-378-E,Q,378,E,1.2391543019e-06,5.906874611064386
250,E-377-D,E,377,D,6.195640994821683e-07,6.207913755290662
251,E-377-K,E,377,K,4.3372120401e-06,5.362789345295482
252,E-376-K,E,376,K,6.1960248782e-06,5.207886847135671
253,Q-375-E,Q,375,E,1.2391312698e-06,5.906882683349559
254,A-374-T,A,374,T,6.19584828598053e-07,6.207899225091038
255,R-373-S,R,373,S,1.8587268464e-06,5.730784428311735
256,R-373-S,R,373,S,1.2391512309e-06,5.906875687379099
257,R-373-K,R,373,K,6.195449070930457e-07,6.20792720874576
258,S-372-N,S,372,N,3.0977859504e-06,5.508948594250065
259,S-372-I,S,372,I,3.0980124391e-06,5.5089168427996515
260,R-371-K,R,371,K,6.195518162161492e-07,6.207922365549934
261,K-370-N,K,370,N,1.8586278122e-06,5.730807568426435
262,K-370-T,K,370,T,6.195333922303078e-07,6.20793528061878
263,T-369-N,T,369,N,1.2391266635e-06,5.90688429778254
264,T-369-I,T,369,I,6.195633317637729e-07,6.2079142934368665
265,T-369-A,T,369,A,6.195395334371682e-07,6.207930975638506
266,L-368-I,L,368,I,1.2390821375e-06,5.9068999037283305
267,S-367-N,S,367,N,6.195487454757453e-07,6.20792451808808
268,P-366-L,P,366,L,1.30120714846e-05,4.885653559493931
269,C-365-R,C,365,R,1.8588604441e-06,5.730753214118552
270,K-364-N,K,364,N,4.3370024373e-06,5.362810333787221
271,K-363-I,K,363,I,6.195310893091237e-07,6.207936894975381
273,P-362-S,P,362,S,1.2391358762e-06,5.906881068887531
274,P-362-A,P,362,A,3.098066187e-06,5.5089093082224485
275,V-361-A,V,361,A,1.98273778912e-05,4.702734716086109
276,V-361-L,V,361,L,6.195456747657807e-07,6.207926670615557
277,S-360-F,S,360,F,6.195441394222132e-07,6.207927746875296
278,S-360-C,S,360,C,5.5758972547e-06,5.253685237443753
279,S-360-A,S,360,A,4.27531544392e-05,4.369031836374466
280,S-359-N,S,359,N,6.195364628185191e-07,6.207933128133977
281,P-358-T,P,358,T,2.4783608121e-06,5.605835466605237
282,P-357-L,P,357,L,2.04464513634e-05,4.689382056215336
283,P-357-H,P,357,H,6.195441394222132e-07,6.207927746875296
284,P-357-S,P,357,S,1.8588143738e-06,5.730763977877111
285,E-356-D,E,356,D,6.1955488698e-06,5.207920213006022
286,E-356-D,E,356,D,3.0977744349e-06,5.5089502086700035
287,E-356-K,E,356,K,6.195541192914283e-07,6.207920751139324
288,E-356-Q,E,356,Q,6.195541192914283e-07,6.207920751139324
289,E-355-Q,E,355,Q,6.195525839060065e-07,6.207921827413731
290,E-355-K,E,355,K,8.0547724526e-06,5.0939467238948
291,L-352-V,L,352,V,6.195479777954005e-07,6.20792505622095
292,N-350-T,N,350,T,6.195387657796524e-07,6.2079315137633735
293,N-350-D,N,350,D,6.195364628185191e-07,6.207933128133977
294,W-348-C,W,348,C,6.195533515977661e-07,6.207921289276861
295,W-348-R,W,348,R,0.0001431187749528,3.8443033898352894
296,E-347-D,E,347,D,1.8586278122e-06,5.730807568426435
297,V-345-A,V,345,A,7.434686281e-06,5.128737352536122
298,V-345-I,V,345,I,6.195518162161492e-07,6.207922365549934
299,M-344-L,M,344,L,1.8590332283e-06,5.730712847593156
300,V-343-I,V,343,I,6.195548869869931e-07,6.2079202130011195
301,R-340-P,R,340,P,1.11524025372e-05,4.95263156344534
302,R-340-H,R,340,H,2.9122291317e-05,4.535774458095906
303,R-340-C,R,340,C,6.1962245164e-06,5.207872854233191
304,R-340-G,R,340,G,6.19577150985995e-07,6.207904606703137
305,S-339-C,S,339,C,4.9570471861e-06,5.3047769470288175
306,H-338-Q,H,338,Q,6.195679381026847e-07,6.20791106454963
307,H-338-Q,H,338,Q,6.196132374172042e-07,6.2078793125464085
308,H-338-Y,H,338,Y,1.2391328052e-06,5.906882145218248
309,E-335-V,E,335,V,6.195710090333453e-07,6.207908911944802
310,E-335-G,E,335,G,6.195710090333453e-07,6.207908911944802
311,E-335-K,E,335,K,6.195902030397095e-07,6.207895457922889
312,T-333-P,T,333,P,6.195925064003906e-07,6.207893843412251
313,R-332-S,R,332,S,6.195948097781974e-07,6.20789222889561
314,R-332-K,R,332,K,6.195410687579069e-07,6.2079298993867695
315,R-331-K,R,331,K,1.2392049756e-06,5.906856851485708
316,F-330-Y,F,330,Y,6.195825252944566e-07,6.2079008395816695
317,F-330-V,F,330,V,6.195379981240389e-07,6.207932051887575
318,G-329-D,G,329,D,6.195548869869931e-07,6.2079202130011195
319,D-328-G,D,328,G,1.73482247189e-05,4.760744960886536
320,M-327-I,M,327,I,3.7175320048e-06,5.429745283882483
321,E-326-D,E,326,D,1.8585886621e-06,5.730816716493282
322,E-326-K,E,326,K,6.195364628185191e-07,6.207933128133977
323,G-324-V,G,324,V,6.196032556433464e-07,6.20788630894991
324,G-323-R,G,323,R,3.40778412245e-05,4.467527924879007
325,G-321-D,G,321,D,6.195963453729165e-07,6.207891152547849
326,S-320-L,S,320,L,1.2391496954e-06,5.906876225537456
327,S-320-P,S,320,P,8.6758324771e-06,5.061688842431642
328,P-318-L,P,318,L,0.0016796965517583,2.7747691693456797
329,P-318-R,P,318,R,2.4783423854e-06,5.6058386956120225
330,I-317-V,I,317,V,6.195333922303078e-07,6.20793528061878
331,F-315-L,F,315,L,2.4782164771e-06,5.605860759822877
333,R-314-K,R,314,K,1.2392525819e-06,5.906840167598317
334,R-314-T,R,314,T,6.195809897682395e-07,6.207901915905423
335,R-313-K,R,313,K,2.91231574955e-05,4.535761541153875
336,N-312-D,N,312,D,1.2392571892e-06,5.906838552978928
337,S-311-G,S,311,G,6.196017200143747e-07,6.207887385309676
338,S-310-R,S,310,R,3.0985692046e-06,5.508838799711086
339,S-310-N,S,310,N,4.3378302173e-06,5.362727450277732
340,L-308-P,L,308,P,6.198721079866802e-07,6.207697904897012
341,L-308-V,L,308,V,6.197883546726464e-07,6.207756588065956
342,Q-307-H,Q,307,H,6.198544333848639e-07,6.207710288244118
343,S-306-F,S,306,F,6.198267708140929e-07,6.207729670165539
344,L-305-V,L,305,V,1.8598584275e-06,5.730520113037765
345,F-304-V,F,304,V,6.819311795e-06,5.166259452134589
346,D-303-Y,D,303,Y,6.20073515916047e-07,6.207556817495406
347,K-302-M,K,302,M,6.200642882654073e-07,6.207563280515467
348,K-302-E,K,302,E,6.200812058347161e-07,6.207551431571883
349,V-301-L,V,301,L,3.1010482783e-06,5.5084914724482354
350,V-301-L,V,301,L,6.202096556720033e-07,6.2074614767758485
351,T-300-K,T,300,K,1.8633771848e-06,5.729699226318442
352,T-300-M,T,300,M,0.0485883076464339,1.3134682273542584
353,T-300-P,T,300,P,6.207031822210746e-07,6.207116028067945
354,T-300-A,T,300,A,4.9652617872e-06,5.304057848933114
355,S-299-Y,S,299,Y,3.1024683237e-06,5.508292643967033
356,V-298-I,V,298,I,6.205706767943801e-07,6.207208749549891
357,A-296-V,A,296,V,4.9642142207e-06,5.3041494856623235
358,N-295-K,N,295,K,6.202165796296067e-07,6.207456628383426
359,N-293-K,N,293,K,6.200281492779772e-07,6.207588593084679
360,N-293-S,N,293,S,4.3399225757e-06,5.362518018240067
361,E-291-D,E,291,D,3.7187900544e-06,5.4295983391966285
362,E-291-A,E,291,A,6.197875863983895e-07,6.207757126406947
363,E-291-K,E,291,K,3.0991991669e-06,5.508750513368247
364,V-290-A,V,290,A,6.197653072734417e-07,6.207772738005414
365,V-290-L,V,290,L,6.19746870588177e-07,6.207785657524591
366,V-290-M,V,290,M,6.19746870588177e-07,6.207785657524591
367,M-289-I,M,289,I,6.197606979992885e-07,6.20777596792124
368,M-289-V,M,289,V,6.196838868556372e-07,6.207829796315485
369,Q-288-H,Q,288,H,6.19724594390253e-07,6.207801268097501
370,F-287-L,F,287,L,6.197230581597695e-07,6.207802344668053
371,F-287-L,F,287,L,6.196777427866412e-07,6.207834102298819
372,V-286-G,V,286,G,1.8589802378e-06,5.730725227043609
373,V-286-I,V,286,I,3.7178130336e-06,5.42971245440207
374,V-286-L,V,286,L,6.196808148059098e-07,6.207831949312489
375,D-284-E,D,284,E,1.2392141894e-06,5.906853622409244
376,D-284-G,D,284,G,6.196024878279092e-07,6.207886847130127
377,D-284-Y,D,284,Y,6.196570074532345e-07,6.207848634677385
378,D-284-N,D,284,N,6.196570074532345e-07,6.207848634677385
379,K-282-R,K,282,R,6.195886674754365e-07,6.20789653425998
380,K-282-T,K,282,T,6.195886674754365e-07,6.20789653425998
381,P-281-S,P,281,S,4.3374377887e-06,5.362766741185061
382,L-280-P,L,280,P,6.196209159236379e-07,6.207873930620862
383,C-279-W,C,279,W,6.196055591010762e-07,6.20788469440526
384,C-279-R,C,279,R,6.195571900851023e-07,6.207918598582507
385,E-278-D,E,278,D,6.195802220079852e-07,6.207902454066299
386,E-278-V,E,278,V,6.195832930604193e-07,6.207900301418793
387,E-278-Q,E,278,Q,6.196293625005267e-07,6.207868010425729
388,E-278-K,E,278,K,1.8588880875e-06,5.730746755706436
389,F-276-L,F,276,L,6.196063269241255e-07,6.207884156222376
390,S-275-F,S,275,F,1.8588650513e-06,5.730752137717651
391,P-274-S,P,274,S,6.19528018774177e-07,6.207939047441514
392,R-273-G,R,273,G,1.2390391499e-06,5.906914971011411
393,D-272-G,D,272,G,2.4780322441e-06,5.6058930468931285
394,D-272-N,D,272,N,6.1951343414e-06,5.2079492715161475
395,K-271-E,K,271,E,1.2390191924e-06,5.906921966352864
396,E-269-D,E,269,D,1.8585034586e-06,5.730836626362984
397,S-268-R,S,268,R,1.2390069111e-06,5.906926271150795
398,S-268-N,S,268,N,0.0006430318393684,3.1917675226906095
399,S-268-G,S,268,G,6.194957799947467e-07,6.207961647691852
400,S-267-I,S,267,I,6.194965475457405e-07,6.207961109604321
401,S-267-N,S,267,N,6.194965475457405e-07,6.207961109604321
403,L-264-V,L,264,V,6.194980826534342e-07,6.207960033427259
404,Q-263-P,Q,263,P,6.195011528916455e-07,6.207957881065135
405,M-262-I,M,262,I,6.194973150986364e-07,6.207960571516123
406,M-262-T,M,262,T,4.3368412183e-06,5.362826478076849
407,M-262-V,M,262,V,4.9560030826e-06,5.304868432167694
408,L-261-R,L,261,R,1.2390376147e-06,5.906915509113296
409,L-261-P,L,261,P,6.195188073519536e-07,6.207945504775908
410,E-260-V,E,260,V,0.0003221505781363,3.4919410849254895
411,E-260-K,E,260,K,6.195495131579926e-07,6.207923979954544
412,L-258-R,L,258,R,6.195088286203166e-07,6.207952500113155
414,G-257-R,G,257,R,6.194904071910447e-07,6.207965414285902
415,E-256-G,E,256,G,6.195026880221633e-07,6.207956804880072
416,L-255-S,L,255,S,6.19560260909217e-07,6.207916446015021
417,G-254-D,G,254,D,6.194965475457405e-07,6.207961109604321
418,G-254-S,G,254,S,9.9128290594e-06,5.003802382896568
419,P-253-S,P,253,S,1.2390852081e-06,5.9068988274938
420,T-252-I,T,252,I,6.194904071910447e-07,6.207965414285902
421,P-250-L,P,250,L,1.2389869547e-06,5.906933266288691
422,P-250-S,P,250,S,6.195019204559534e-07,6.207957342972937
423,G-249-R,G,249,R,1.61083272617e-05,4.792949555715545
424,A-248-D,A,248,D,6.19493477353177e-07,6.207963261950445
425,A-248-G,A,248,G,6.19493477353177e-07,6.207963261950445
426,A-248-P,A,248,P,6.195372304703279e-07,6.20793259001111
427,Q-247-R,Q,247,R,1.2389977004e-06,5.906929499680851
428,P-246-L,P,246,L,2.4781980526e-06,5.605863988632184
429,E-244-V,E,244,V,1.2390867435e-06,5.906898289342484
430,E-244-K,E,244,K,1.8584781294e-06,5.730842545322511
431,A-243-G,A,243,G,1.8586278122e-06,5.730807568426435
432,A-243-S,A,243,S,6.195541192914283e-07,6.207920751139324
433,L-242-F,L,242,F,6.195234130288251e-07,6.207942276120712
434,S-241-L,S,241,L,6.195042231602893e-07,6.207955728692343
435,S-241-P,S,241,P,6.195057583060235e-07,6.207954652501948
436,P-240-L,P,240,L,6.194911747287248e-07,6.207964876203038
437,P-240-A,P,240,A,2.4779831199e-06,5.605901656377733
438,R-239-L,R,239,L,3.0975594948e-06,5.508980343381212
439,R-239-Q,R,239,Q,9.60243443395e-05,4.017618649543773
440,R-239-W,R,239,W,7.68238540545e-05,4.114503909190933
441,N-238-K,N,238,K,6.194873370593432e-07,6.207967566610692
442,N-238-S,N,238,S,9.85008053524e-05,4.006560218652911
443,N-238-D,N,238,D,6.195011528916455e-07,6.207957881065135
444,Q-237-H,Q,237,H,6.19498850210134e-07,6.207959495337728
445,Q-237-K,Q,237,K,6.19492709809791e-07,6.2079638000353095
446,R-236-T,R,236,T,1.2389854196e-06,5.906933804378192
447,R-236-G,R,236,G,3.0975249536e-06,5.508985186270016
448,N-235-D,N,235,D,3.0975211158e-06,5.508985724356528
449,N-235-H,N,235,H,5.5755380084e-06,5.253713219256337
450,C-234-Y,C,234,Y,3.0975019266e-06,5.508988414827124
451,V-233-A,V,233,A,0.0001059455922916,3.974917106751724
452,V-233-G,V,233,G,2.4780782998e-06,5.60588497534743
453,V-233-L,V,233,L,6.194973150986364e-07,6.207960571516123
454,A-232-V,A,232,V,6.19498850210134e-07,6.207959495337728
455,E-231-K,E,231,K,3.7173385343e-06,5.429767886339416
456,Y-230-S,Y,230,S,6.195149693402042e-07,6.207948195303568
457,Y-230-H,Y,230,H,8.17807384057e-05,4.087348972479736
458,V-229-M,V,229,M,4.27509823432e-05,4.3690539014895045
459,L-228-P,L,228,P,6.195855963697241e-07,6.20789868692616
460,P-226-L,P,226,L,8.6738544006e-06,5.061787872197252
461,E-225-K,E,225,K,6.0716454159e-05,4.216693599170306
462,T-224-A,T,224,A,2.78826302366e-05,4.554666260582567
463,T-224-S,T,224,S,6.195687058324959e-07,6.207910526399423
464,L-222-M,L,222,M,6.560018263090844e-07,6.183094951546819
465,V-220-A,V,220,A,6.563376620989941e-07,6.182872674255226
466,E-219-G,E,219,G,6.564798500074839e-07,6.182778599604754
467,R-218-K,R,218,K,1.9690646811e-06,5.705740017643782
468,G-217-E,G,217,E,1.3130993477e-06,5.881702414408874
469,G-217-R,G,217,R,6.565143290817465e-07,6.182755790559695
470,A-216-T,A,216,T,6.561808959493953e-07,6.182976417815461
471,L-215-R,L,215,R,6.563953915792348e-07,6.182834476702939
472,L-215-F,L,215,F,6.558271554415291e-07,6.183210604723311
473,V-214-A,V,214,A,6.557721060776959e-07,6.18324706042386
474,V-214-L,V,214,L,6.55798769459189e-07,6.183229402576055
475,A-213-V,A,213,V,6.558977009473787e-07,6.183163891384315
476,W-212-C,W,212,C,6.558383384729198e-07,6.183203199285192
477,M-211-I,M,211,I,6.557428648618875e-07,6.1832664262701575
478,M-211-V,M,211,V,6.557273852739366e-07,6.183276678427427
479,I-209-F,I,209,F,6.559760070215672e-07,6.183112045088817
480,G-208-R,G,208,R,3.9366410741e-06,5.40487418049648
481,S-206-G,S,206,G,3.1028456818e-06,5.5082398232586565
482,Y-205-C,Y,205,C,6.203935776856838e-07,6.2073327066516395
483,Y-205-S,Y,205,S,6.203935776856838e-07,6.2073327066516395
484,V-204-G,V,204,G,1.2404685497e-06,5.906414242165566
485,V-204-L,V,204,L,1.05437472477e-05,4.977005013433378
486,V-204-I,V,204,I,0.0003076297130608,3.511971719601636
487,D-203-E,D,203,E,1.8603543602e-06,5.730404323512503
488,A-201-T,A,201,T,1.2398871702e-06,5.906617833861176
489,T-200-A,T,200,A,6.198951633299776e-07,6.207681752174473
490,A-198-D,A,198,D,6.8176296465e-06,5.166366594607574
491,R-196-Q,R,196,Q,4.58611547342e-05,4.338555014403779
492,R-196-W,R,196,W,3.34638423183e-05,4.475424194819177
493,V-194-A,V,194,A,6.197430297501444e-07,6.207788349042711
494,V-194-I,V,194,I,3.40847259526e-05,4.467440193458163
495,V-194-L,V,194,L,9.9148315965e-06,5.003714657891547
496,N-193-I,N,193,I,8.675466895e-06,5.061707143111646
497,N-193-T,N,193,T,6.196308982665206e-07,6.207866934017943
498,N-193-H,N,193,H,6.196370414066257e-07,6.207862628360121
499,F-191-L,F,191,L,7.4362527235e-06,5.128645859008205
500,F-191-L,F,191,L,6.196454884231634e-07,6.207856708010914
501,L-190-R,L,190,R,6.196216837847483e-07,6.20787339242464
502,L-190-V,L,190,V,1.8587015111e-06,5.730790347985192
503,L-190-M,L,190,M,6.196124695770277e-07,6.207879850735295
504,E-189-A,E,189,A,1.2392955843e-06,5.906825097723715
505,E-189-K,E,189,K,7.4351377173e-06,5.128710982850227
506,P-188-S,P,188,S,6.196201480644306e-07,6.207874468816419
507,A-187-G,A,187,G,6.1960479127993e-07,6.207885232587477
508,A-187-D,A,187,D,6.1960479127993e-07,6.207885232587477
509,A-187-T,A,187,T,6.196155409491519e-07,6.207877697975747
510,L-186-F,L,186,F,6.196055591010762e-07,6.20788469440526
511,G-184-S,G,184,S,6.196516318525725e-07,6.207852402251708
512,G-184-C,G,184,C,6.196516318525725e-07,6.207852402251708
513,L-183-P,L,183,P,5.5766988173e-06,5.253622809967238
514,L-183-V,L,183,V,6.196815828154861e-07,6.207831411064238
515,T-182-N,T,182,N,6.196408809310476e-07,6.207859937302305
516,G-181-A,G,181,A,6.197614662068863e-07,6.207775429603604
517,G-181-D,G,181,D,2.4790458648e-06,5.605715438280467
518,G-180-R,G,180,R,1.61105231458e-05,4.792890356809504
519,P-179-L,P,179,L,4.3376474335e-06,5.36274575059477
520,E-178-Q,E,178,Q,4.3381528145e-06,5.362695153722197
521,G-177-E,G,177,E,6.197076962738215e-07,6.207813110226799
522,G-177-R,G,177,R,6.63133261276e-05,4.1783991883052245
523,S-176-F,S,176,F,1.2395874652e-06,5.906722824028427
524,G-175-V,G,175,V,6.198836354439544e-07,6.207689828610839
525,G-175-R,G,175,R,3.7212440863e-06,5.429311842513662
526,T-174-A,T,174,A,6.201888847267324e-07,6.2074760216283655
527,G-173-E,G,173,E,3.7210686909e-06,5.429332312831604
528,S-170-L,S,170,L,8.0680396401e-06,5.093231976667205
529,S-170-P,S,170,P,6.206215152101921e-07,6.207173172717213
530,G-168-R,G,168,R,6.214121217619768e-07,6.206620279302816
531,Q-167-H,Q,167,H,2.48572572e-06,5.604546793981635
532,Q-167-K,Q,167,K,6.213271797089455e-07,6.206679647932949
533,T-165-A,T,165,A,3.7373630412e-06,5.427434713461074
534,S-164-P,S,164,P,1.2461292111e-06,5.904436923360385
535,L-163-Q,L,163,Q,6.240545573456214e-07,6.204777440897047
536,G-162-V,G,162,V,1.81544328742e-05,4.741017313451861
537,F-161-V,F,161,V,6.256428480263471e-07,6.203673515664052
538,D-160-E,D,160,E,1.2514657792e-06,5.902581021491476
539,A-159-E,A,159,E,1.8811065421e-06,5.725586606184997
540,L-158-Q,L,158,Q,6.269317334035497e-07,6.202779746920883
541,K-157-N,K,157,N,1.859547163e-06,5.730592802316624
542,K-157-E,K,157,E,6.198605809581309e-07,6.2077059810329995
543,V-156-L,V,156,L,1.8611645678e-06,5.730215224006499
544,V-156-I,V,156,I,4.9627422128e-06,5.304278283429747
545,H-155-Q,H,155,Q,6.197199857216516e-07,6.207804497801152
546,H-155-R,H,155,R,6.201012005159242e-07,6.207537427858118
547,H-155-P,H,155,P,1.240202401e-06,5.90650743220529
548,H-155-D,H,155,D,4.341494516e-06,5.362360743224152
549,H-155-Y,H,155,Y,6.202142716265615e-07,6.2074582445202475
550,L-154-Q,L,154,Q,1.8589019094e-06,5.730743526489667
551,L-154-V,L,154,V,6.196355056101799e-07,6.207863704778578
552,P-152-A,P,152,A,6.195794542496335e-07,6.207902992226509
553,P-152-S,P,152,S,1.2392495104e-06,5.906841244002896
554,D-151-N,D,151,N,1.2391051678e-06,5.906891831753961
555,L-150-P,L,150,P,3.0977936274e-06,5.50894751797344
556,V-148-L,V,148,L,6.195295540378459e-07,6.207937971209781
557,V-148-I,V,148,I,3.0976477701e-06,5.5089679668862725
558,N-147-K,N,147,K,6.195095962036452e-07,6.20795196201429
559,N-147-K,N,147,K,6.195095962036452e-07,6.20795196201429
560,N-147-S,N,147,S,6.195679381e-06,5.207911064551512
561,N-147-D,N,147,D,6.195080610388902e-07,6.207953038211353
562,S-146-F,S,146,F,1.2390007706e-06,5.906928423513183
563,S-146-T,S,146,T,4.3370400569e-06,5.362806566689076
564,S-146-P,S,146,P,6.195318569476161e-07,6.207936356857181
567,L-143-V,L,143,V,1.2390944202e-06,5.906895598701059
568,L-143-F,L,143,F,6.195019204559534e-07,6.207957342972937
569,D-142-G,D,142,G,2.5401781842e-05,4.595135818143588
570,D-142-N,D,142,N,1.2390545022e-06,5.906909589924083
571,D-142-H,D,142,H,6.195272511451961e-07,6.207939585556382
572,R-141-P,R,141,P,6.195234130288251e-07,6.207942276120712
573,R-141-L,R,141,L,6.195234130288251e-07,6.207942276120712
574,R-141-Q,R,141,Q,6.8152557641e-06,5.166517841244859
575,R-141-W,R,141,W,1.92075105083e-05,4.716528920540211
576,H-140-Q,H,140,Q,1.2390099814e-06,5.906925194956075
577,H-140-Q,H,140,Q,6.195049907322053e-07,6.207955190597479
578,H-140-Y,H,140,Y,1.2389992355e-06,5.906928961596684
579,L-139-P,L,139,P,6.195525839060065e-07,6.207921827413731
580,L-138-I,L,138,I,6.195165045391975e-07,6.207947119094504
581,V-137-M,V,137,M,6.195203425699686e-07,6.207944428560176
582,V-137-L,V,137,L,6.195203425699686e-07,6.207944428560176
583,P-136-L,P,136,L,2.4780844407e-06,5.605883899128136
584,P-136-S,P,136,S,6.1954644244e-06,5.207926132484982
585,N-135-K,N,135,K,6.195095962036452e-07,6.20795196201429
586,N-135-S,N,135,S,6.195518162161492e-07,6.207922365549934
587,N-135-H,N,135,H,6.195134341488195e-07,6.207949271509965
588,Q-134-H,Q,134,H,6.195080610388902e-07,6.207953038211353
589,Q-134-R,Q,134,R,6.194973150986364e-07,6.207960571516123
590,Q-134-K,Q,134,K,6.195026880221633e-07,6.207956804880072
591,D-133-E,D,133,E,1.2390069111e-06,5.906926271150795
592,D-133-N,D,133,N,3.0975901987e-06,5.50897603855082
593,D-133-Y,D,133,Y,6.8152219841e-06,5.16651999384257
594,D-133-H,D,133,H,4.3366262782e-06,5.362848002870579
595,H-132-Q,H,132,Q,6.195080610388902e-07,6.207953038211353
596,H-132-Q,H,132,Q,1.8585241831e-06,5.730831783495586
597,H-132-D,H,132,D,1.2390744609e-06,5.906902594361378
598,L-131-R,L,131,R,1.8584919452e-06,5.730839316818873
599,L-131-M,L,131,M,2.16823522998e-05,4.6638936033419
600,Y-130-S,Y,130,S,1.2390944202e-06,5.906895598701059
601,Y-130-C,Y,130,C,1.8586416303e-06,5.730804339645378
602,M-128-I,M,128,I,1.2390959555e-06,5.906895060588794
603,M-128-K,M,128,K,6.195203425699686e-07,6.207944428560176
604,L-126-F,L,126,F,6.195042231602893e-07,6.207955728692343
605,V-125-M,V,125,M,1.239016122e-06,5.906923042574635
607,K-122-E,K,122,E,6.195095962036452e-07,6.20795196201429
608,L-121-R,L,121,R,6.19498850210134e-07,6.207959495337728
609,R-119-P,R,119,P,2.4780353144e-06,5.605892508799435
610,R-119-L,R,119,L,1.2391082385e-06,5.906890755504383
611,R-119-H,R,119,H,1.8585264858e-06,5.730831245407735
612,C-118-R,C,118,R,6.19493477353177e-07,6.207963261950445
613,L-117-H,L,117,H,1.8584873399e-06,5.730840392991875
614,L-117-F,L,117,F,6.19484266958072e-07,6.207969718924815
615,L-116-P,L,116,P,1.2390268682e-06,5.906919275880208
616,L-116-F,L,116,F,4.3367283721e-06,5.362837778725667
617,L-116-I,L,116,I,6.195326245880108e-07,6.207935818738314
619,P-115-R,P,115,R,1.11518774185e-05,4.952652012987244
620,P-115-L,P,115,L,8.0535449226e-06,5.094012914483672
621,P-115-Q,P,115,Q,6.195034555902752e-07,6.2079562667865416
622,P-113-S,P,113,S,1.36297852937e-05,4.865510985434274
623,R-112-Q,R,112,Q,1.79667577808e-05,4.745530287106301
624,R-112-W,R,112,W,1.8585126694e-06,5.730834473991578
625,R-112-G,R,112,G,6.195042231602893e-07,6.207955728692343
626,Q-109-H,Q,109,H,6.194781268468192e-07,6.2079740235210625
627,Q-109-E,Q,109,E,6.194796618632214e-07,6.207972947376001
628,Q-107-R,Q,107,R,1.2389562536e-06,5.906944027889905
629,L-106-R,L,106,R,6.194804293742752e-07,6.20797240930247
630,L-106-V,L,106,V,6.194750568368365e-07,6.207976175803187
631,G-104-R,G,104,R,6.194765918380242e-07,6.207975099663458
632,S-103-L,S,103,L,7.4337467322e-06,5.128792239404093
633,S-103-W,S,103,W,1.2389577887e-06,5.906943489787737
634,S-103-A,S,103,A,6.19484266958072e-07,6.207969718924815
635,L-102-S,L,102,S,3.0974213347e-06,5.508999714601466
636,S-101-Y,S,101,Y,6.19484266958072e-07,6.207969718924815
637,G-100-V,G,100,V,1.2389547186e-06,5.906944565957686
638,G-100-C,G,100,C,6.194788943540694e-07,6.207973485448865
639,G-100-S,G,100,S,6.194788943540694e-07,6.207973485448865
640,E-98-D,E,98,D,6.194781268468192e-07,6.2079740235210625
641,M-97-I,M,97,I,6.8142087402e-06,5.166584566786856
642,M-97-V,M,97,V,6.19484266958072e-07,6.207969718924815
643,T-94-S,T,94,S,6.194773593414708e-07,6.207974561592594
644,V-93-G,V,93,G,6.195464424404182e-07,6.207926132484689
645,V-93-A,V,93,A,1.2390023057e-06,5.906927885430349
646,V-93-M,V,93,M,1.2389577887e-06,5.906943489787737
647,A-91-D,A,91,D,2.4779125073e-06,5.605914032208397
648,A-91-G,A,91,G,1.2389562536e-06,5.906944027889905
649,A-91-T,A,91,T,6.194827319188478e-07,6.207970795077877
650,P-90-L,P,90,L,6.195356951686129e-07,6.207933666256178
651,P-90-A,P,90,A,6.194865695311726e-07,6.207968104690223
652,P-90-S,P,90,S,6.194865695311726e-07,6.207968104690223
653,P-90-T,P,90,T,5.5753791257e-06,5.253725595257173
654,P-88-S,P,88,S,4.9561995861e-06,5.3048512129100605
655,Q-86-R,Q,86,R,6.194881045894157e-07,6.207967028530494
656,D-85-N,D,85,N,9.9126325349e-06,5.00381099298673
657,W-84-R,W,84,R,1.2389884897e-06,5.906932728234909
658,V-82-G,V,82,G,6.1951957496001e-07,6.207944966668375
659,V-82-M,V,82,M,1.8584712215e-06,5.73084415958333
660,E-80-K,E,80,K,1.8585057613e-06,5.7308360882691325
661,I-79-M,I,79,M,2.4780199629e-06,5.605895199274568
662,I-79-V,I,79,V,6.19492709809791e-07,6.2079638000353095
663,V-78-I,V,78,I,6.194973150986364e-07,6.207960571516123
664,V-78-F,V,78,F,1.2390852081e-06,5.9068988274938
665,E-76-D,E,76,D,6.195633317637729e-07,6.2079142934368665
666,E-76-K,E,76,K,6.195049907322053e-07,6.207955190597479
668,R-74-L,R,74,L,6.195387657796524e-07,6.2079315137633735
669,R-74-H,R,74,H,2.4783362433e-06,5.605839771929588
670,R-74-C,R,74,C,2.4783301011e-06,5.605840848267345
671,L-73-P,L,73,P,0.000100367394227,3.9984073510073737
672,V-72-L,V,72,L,6.195840608282848e-07,6.207899763255249
673,V-72-M,V,72,M,1.239258725e-06,5.906838014762117
674,F-71-L,F,71,L,6.196117017387543e-07,6.207880388923514
675,F-71-L,F,71,L,5.5769821834e-06,5.253600742932399
676,N-69-K,N,69,K,6.19663151111056e-07,6.207844328838135
677,D-68-E,D,68,E,6.196785107886029e-07,6.207833564053237
678,D-68-N,D,68,N,6.197345800740459e-07,6.207794270323861
679,L-67-R,L,67,R,6.197276668740688e-07,6.207799114948391
680,S-66-R,S,66,R,7.4374141598e-06,5.1285780337192355
681,A-65-P,A,65,P,4.3393576015e-06,5.362574558684162
682,M-64-V,M,64,V,1.11584864628e-05,4.9523947091109495
683,V-61-I,V,61,I,6.202527405867343e-07,6.207431308121346
684,V-61-F,V,61,F,1.8607582217e-06,5.730310053415734
685,E-60-D,E,60,D,6.203520125459991e-07,6.207361804495634
686,R-59-G,R,59,G,2.4821409955e-06,5.605173552479338
687,S-58-F,S,58,F,6.205991760925338e-07,6.207188805320825
688,S-58-T,S,58,T,6.20596094961132e-07,6.2071909614978535
689,S-58-A,S,58,A,3.10320772375e-05,4.508189152466446
690,I-57-T,I,57,T,6.8275400621e-06,5.165735742861914
691,I-57-V,I,57,V,1.2414972953e-06,5.906054222253247
692,A-56-E,A,56,E,1.05557673608e-05,4.976510189789064
693,S-54-L,S,54,L,9.2933002739e-06,5.031830030224287
694,V-52-I,V,52,I,1.239016122e-06,5.906923042574635
695,I-51-M,I,51,M,6.195188073519536e-07,6.207945504775908
696,K-50-N,K,50,N,6.195003853292397e-07,6.207958419156666
697,K-50-E,K,50,E,6.19492709809791e-07,6.2079638000353095
698,V-49-A,V,49,A,1.2391159155e-06,5.906888064804487
699,A-48-V,A,48,V,0.0003128566100716,3.504654664764151
700,D-46-N,D,46,N,4.02673254814e-05,4.39504721487339
701,Y-45-C,Y,45,C,1.8584758268e-06,5.730843083400994
702,Y-45-D,Y,45,D,6.195203425699686e-07,6.207944428560176
703,G-44-V,G,44,V,1.8584965506e-06,5.73083824062517
704,W-43-G,W,43,G,1.8586577517e-06,5.730800572698279
705,K-42-N,K,42,N,9.2930354275e-06,5.031842407201861
706,R-41-K,R,41,K,6.194996177687358e-07,6.207958957247531
707,H-40-Q,H,40,Q,2.4783454565e-06,5.605838157445478
708,Q-39-R,Q,39,R,2.4780076818e-06,5.605897351649149
709,A-38-E,A,38,E,1.36304608582e-05,4.865489460028161
710,A-38-V,A,38,V,6.195211101818295e-07,6.20794389045131
711,A-38-T,A,38,T,1.2390191924e-06,5.906921966352864
712,R-37-W,R,37,W,1.2390268682e-06,5.906919275880208
713,F-36-L,F,36,L,6.195126665559804e-07,6.207949809612163
714,V-35-A,V,35,A,1.2390314738e-06,5.906917661562552
715,G-33-D,G,33,D,6.194973150986364e-07,6.207960571516123
716,G-33-R,G,33,R,1.2390099814e-06,5.906925194956075
717,G-33-S,G,33,S,1.2390099814e-06,5.906925194956075
718,F-32-L,F,32,L,6.19525715892941e-07,6.207940661784114
719,G-31-A,G,31,A,1.8585172749e-06,5.730833397786507
720,G-31-E,G,31,E,6.195057583060235e-07,6.207954652501948
721,G-31-R,G,31,R,1.2389961653e-06,5.906930037765686
722,G-31-W,G,31,W,6.194980826534342e-07,6.207960033427259
723,G-30-V,G,30,V,1.2389823494e-06,5.906934880559194
724,K-29-Q,K,29,Q,1.8586347212e-06,5.730805954044589
725,G-28-D,G,28,D,1.2389792793e-06,5.906935956707811
726,G-28-S,G,28,S,1.2389915599e-06,5.9069316520592405
727,G-28-R,G,28,R,8.0534451399e-06,5.094018295386725
728,V-27-A,V,27,A,2.4783853814e-06,5.605831161235949
729,V-27-L,V,27,L,8.0534650962e-06,5.094017219213724
730,V-27-I,V,27,I,8.6735964572e-06,5.061800787454507
731,V-27-F,V,27,F,6.194973150986364e-07,6.207960571516123
732,Q-24-H,Q,24,H,3.0975518189e-06,5.508981419584962
733,N-23-K,N,23,K,1.2390898141e-06,5.906897213111953
734,N-23-S,N,23,S,1.2391159155e-06,5.906888064804487
735,N-23-I,N,23,I,1.2391159155e-06,5.906888064804487
736,N-23-D,N,23,D,6.195203425699686e-07,6.207944428560176
737,E-22-D,E,22,D,6.195548869869931e-07,6.2079202130011195
738,E-22-A,E,22,A,6.195111313760086e-07,6.207950885814561
739,E-22-K,E,22,K,6.195111313760086e-07,6.207950885814561
740,L-21-P,L,21,P,3.097547981e-06,5.5089819576808265
741,L-21-M,L,21,M,3.0979356595e-06,5.508927606271545
742,E-20-Q,E,20,Q,1.2389961653e-06,5.906930037765686
743,E-19-D,E,19,D,1.239016122e-06,5.906923042574635
744,E-19-K,E,19,K,2.72601785789e-05,4.56447130346918
745,I-18-M,I,18,M,6.8146055582e-06,5.166559276858621
746,I-18-T,I,18,T,4.3373087866e-06,5.362779657965903
747,I-18-V,I,18,V,6.195019204559534e-07,6.207957342972937
748,V-16-A,V,16,A,6.195426040862552e-07,6.207928823132366
749,V-16-L,V,16,L,6.19492709809791e-07,6.2079638000353095
750,L-15-F,L,15,F,6.19492709809791e-07,6.2079638000353095
751,L-15-V,L,15,V,2.4783730967e-06,5.60583331392402
752,P-14-L,P,14,L,2.78807299546e-05,4.5546958600179
753,P-14-H,P,14,H,6.195264835181174e-07,6.207940123670581
754,A-13-S,A,13,S,3.7177070669e-06,5.42972483302588
755,P-12-L,P,12,L,6.195525839060065e-07,6.207921827413731
756,P-12-R,P,12,R,1.85865775171e-05,4.730800572695943
757,A-11-V,A,11,V,6.195241806482949e-07,6.20794173800918
758,G-10-S,G,10,S,9.2931620913e-06,5.031836487821166
759,S-9-G,S,9,G,6.195564223838301e-07,6.207919136722712
760,P-8-S,P,8,S,1.23917579939e-05,4.906867076764353
761,P-8-A,P,8,A,6.19587899696154e-07,6.207897072427525
762,W-7-R,W,7,R,9.5066793929e-06,5.0219711521657935
763,L-6-F,L,6,F,1.2683160694e-06,5.896772505057494
764,K-5-E,K,5,E,6.350383690182561e-07,6.197200033842683
765,K-5-Q,K,5,Q,6.350383690182561e-07,6.197200033842683
766,V-4-A,V,4,A,1.270320362e-06,5.896086740537302
767,V-4-L,V,4,L,1.9052094777e-06,5.720057266703502
768,V-4-I,V,4,I,1.2700444769e-06,5.896181069804662
769,V-4-F,V,4,F,6.350222384787916e-07,6.197211065448952
770,C-3-W,C,3,W,3.1748571631e-06,5.498275808851659
772,S-2-P,S,2,P,6.361784506001072e-07,6.196421045923352
