,ID,WT_AA,Position,Mut_AA,AAF,-log10(AAF)
0,P-3-R,P,3,R,4.2580940284e-06,5.370784752581965
1,P-3-L,P,3,L,6.082991469212764e-07,6.215882792591231
2,D-4-N,D,4,N,6.082969267622666e-07,6.215884377674116
3,D-4-E,D,4,E,6.083050674245337e-07,6.215878565675255
4,M-5-V,M,5,V,6.083028472223067e-07,6.215880150773567
5,M-5-I,M,5,I,1.8249085416e-06,5.738758896069831
6,V-9-I,V,9,I,6.083139483955112e-07,6.215872225224154
7,V-9-A,V,9,A,6.083006270362864e-07,6.215881735866094
8,I-10-T,I,10,T,6.083021071584992e-07,6.215880679138386
9,M-12-V,M,12,V,6.083013670964925e-07,6.215881207502561
10,S-14-A,S,14,A,8.88139445192e-05,4.051518841064942
11,S-15-N,S,15,N,6.083539159741571e-07,6.215843692048625
12,S-15-R,S,15,R,6.084012917576227e-07,6.215809872524017
13,L-18-R,L,18,R,2.4336910453e-06,5.613734555866778
14,E-19-K,E,19,K,6.083198691868953e-07,6.215867998205327
15,E-19-D,E,19,D,1.03412238899e-05,4.985428059194163
16,S-20-G,S,20,G,3.6499369777e-06,5.437714634303367
17,D-24-V,D,24,V,1.825004015e-06,5.738736175760697
18,D-24-A,D,24,A,3.65000803e-06,5.437706180096716
19,D-24-E,D,24,E,6.08334671669611e-07,6.215857430478258
20,G-26-R,G,26,R,9.1247092259e-06,5.039780966170028
21,F-28-V,F,28,V,6.08413877190442e-07,6.215800888770089
22,F-28-L,F,28,L,0.0004465757858577,3.3501048288541013
23,F-28-Y,F,28,Y,2.4333031603e-06,5.6138037798306275
24,G-29-R,G,29,R,1.2166101348e-06,5.91484857002879
25,G-29-R,G,29,R,2.98069483038e-05,4.525682485646773
26,V-31-M,V,31,M,6.084205402774398e-07,6.215796132589833
27,V-31-A,V,31,A,6.083206092939223e-07,6.2158674698250795
28,S-32-F,S,32,F,2.43360220581e-05,4.613750409647636
29,L-33-P,L,33,P,1.39913229464e-05,4.8541412189493895
30,C-34-R,C,34,R,1.2166323373e-06,5.914840644453476
31,C-34-F,C,34,F,1.216712273e-06,5.91481211118837
32,F-35-L,F,35,L,1.2166811857e-06,5.914823207661733
33,H-36-Y,H,36,Y,1.2166130951e-06,5.914847513288957
34,H-36-R,H,36,R,6.082924864928653e-07,6.215887547822529
35,R-37-G,R,37,G,6.082939665754632e-07,6.215886491108963
36,Q-39-R,Q,39,R,6.083169087767963e-07,6.215870111719883
37,G-40-E,G,40,E,6.08294706619463e-07,6.215885962751215
38,L-41-H,L,41,H,6.08304327355324e-07,6.215879094042002
39,M-42-I,M,42,I,6.084457132565718e-07,6.215778164327669
40,I-43-F,I,43,F,0.0001283509638488,3.8916008656552297
41,M-44-V,M,44,V,1.2167315184e-06,5.914805241770591
42,M-44-L,M,44,L,6.083657592283002e-07,6.21583523741437
43,M-44-T,M,44,T,6.082961867128647e-07,6.215884906033791
44,T-46-A,T,46,A,1.2165982938e-06,5.91485279694244
45,V-47-M,V,47,M,3.0415253371e-06,5.516908561342474
46,V-47-A,V,47,A,3.0418510028e-06,5.516862062553417
47,Y-48-D,Y,48,D,6.083435535050323e-07,6.215851089718584
48,P-51-S,P,51,S,4.2581199305e-06,5.370782110765037
49,N-52-D,N,52,D,6.08299886977881e-07,6.215882264228984
50,N-52-S,N,52,S,4.48894857755e-05,4.347855369562525
51,N-52-K,N,52,K,4.2738069362e-06,5.369185100430442
52,N-52-K,N,52,K,6.105438480380784e-07,6.214283140437936
53,I-54-T,I,54,T,2.4333061208e-06,5.613803251442692
54,I-54-M,I,54,M,6.121674400381993e-07,6.213129773379308
55,E-55-Q,E,55,Q,2.4665444082e-06,5.607911060999491
56,E-58-K,E,58,K,6.0828804628e-06,5.215890717953719
57,L-60-V,L,60,V,7.9077927039e-06,5.101944723871812
58,L-60-H,L,60,H,6.083124682156735e-07,6.215873281972432
59,E-63-G,E,63,G,6.082954466652636e-07,6.215885434392825
60,E-63-D,E,63,D,1.8248663589e-06,5.738768934888301
61,A-64-V,A,64,V,1.15575150612e-05,4.937135531937747
63,M-67-I,M,67,I,8.33354623414e-05,4.079170150791892
64,M-67-I,M,67,I,6.082880462882871e-07,6.2158907179478025
65,R-69-G,R,69,G,6.082880462882871e-07,6.2158907179478025
66,R-69-K,R,69,K,6.082880462882871e-07,6.2158907179478025
67,R-71-T,R,71,T,0.0001173997357593,3.9303328805876125
68,R-74-W,R,74,W,5.4746123974e-06,5.261646623452085
69,R-74-Q,R,74,Q,1.2774048972e-05,4.89367142321572
70,V-76-M,V,76,M,9.7326087406e-06,5.01177073529244
71,V-76-L,V,76,L,6.082880462882871e-07,6.2158907179478025
72,K-77-N,K,77,N,1.8248663589e-06,5.738768934888301
73,L-79-P,L,79,P,6.083391125549026e-07,6.215854260109993
74,V-81-I,V,81,I,3.10232942358e-05,4.508312088132055
75,I-82-V,I,82,V,1.2165834929e-06,5.914858080517414
76,I-82-T,I,82,T,4.2580629463e-06,5.3707879227406545
77,I-82-N,I,82,N,6.08294706619463e-07,6.215885962751215
79,I-82-M,I,82,M,6.083058074955442e-07,6.215878037307866
80,I-83-L,I,83,L,1.8248707991e-06,5.738767878179681
81,I-83-V,I,83,V,5.4746123974e-06,5.261646623452085
82,E-84-V,E,84,V,6.082984068664725e-07,6.215883320952836
83,G-86-R,G,86,R,6.083013670964925e-07,6.215881207502561
84,K-87-N,K,87,N,5.4746123974e-06,5.261646623452085
85,Y-88-H,Y,88,H,4.8663102905e-06,5.312800202607096
86,S-89-F,S,89,F,6.082910064174701e-07,6.215888604533524
87,S-89-C,S,89,C,6.082910064174701e-07,6.215888604533524
88,V-91-M,V,91,M,1.2178680732e-06,5.9143997545474924
89,M-92-I,M,92,I,6.082880462882871e-07,6.2158907179478025
90,M-92-I,M,92,I,6.082880462882871e-07,6.2158907179478025
91,E-93-K,E,93,K,6.082880462882871e-07,6.2158907179478025
92,Y-94-H,Y,94,H,1.8248641388e-06,5.7387694632435755
93,Y-94-D,Y,94,D,1.8248641388e-06,5.7387694632435755
94,M-95-V,M,95,V,1.8249840313e-06,5.73874093128895
95,M-95-I,M,95,I,6.082902663824735e-07,6.215889132888058
96,K-97-E,K,97,E,6.082880462882871e-07,6.2158907179478025
97,K-97-R,K,97,R,4.2580215042e-06,5.370792149583508
98,K-97-T,K,97,T,6.08288786317882e-07,6.215890189595197
99,K-97-N,K,97,N,2.25067124749e-05,4.6476879371754025
100,G-98-S,G,98,S,2.4331551452e-06,5.613830198280001
101,G-98-D,G,98,D,9.1243206943e-06,5.0397994588932775
102,N-99-T,N,99,T,2.4331521851e-06,5.613830726629327
103,L-100-V,L,100,V,1.2165775726e-06,5.914860193943983
104,M-101-I,M,101,I,6.082880462882871e-07,6.2158907179478025
105,H-102-D,H,102,D,6.082895263492774e-07,6.215889661241949
106,V-103-M,V,103,M,3.10227281022e-05,4.508320013497428
107,K-105-E,K,105,E,6.082880462882871e-07,6.2158907179478025
108,A-106-V,A,106,V,1.8248707991e-06,5.738767878179681
109,E-107-Q,E,107,Q,9.1243206943e-06,5.0397994588932775
110,E-107-K,E,107,K,1.09491848331e-05,4.960618212848033
111,M-108-V,M,108,V,6.082969267622666e-07,6.215884377674116
112,T-110-A,T,110,A,1.8248907802e-06,5.73876312297511
113,T-110-I,T,110,I,6.083006270362864e-07,6.215881735866094
114,P-111-L,P,111,L,2.25069041449e-05,4.647684238684608
115,L-112-F,L,112,F,1.2165879331e-06,5.914856495463161
116,G-116-E,G,116,E,6.082895263492774e-07,6.215889661241949
117,I-118-V,I,118,V,1.2165820128e-06,5.9148586088820165
118,I-119-L,I,119,L,6.082924864928653e-07,6.215887547822529
119,E-121-D,E,121,D,6.082939665754632e-07,6.215886491108963
120,I-123-T,I,123,T,1.58155469259e-05,4.800915784918457
121,E-124-K,E,124,K,1.2165834929e-06,5.914858080517414
122,G-125-E,G,125,E,6.082917464542675e-07,6.215888076178349
123,C-127-S,C,127,S,6.082954466652636e-07,6.215885434392825
124,Y-128-H,Y,128,H,6.08288786317882e-07,6.215890189595197
125,Y-128-C,Y,128,C,6.083124682156735e-07,6.215873281972432
126,Y-128-S,Y,128,S,6.083124682156735e-07,6.215873281972432
127,L-129-S,L,129,S,8.5160637293e-06,5.069761097212606
128,L-129-F,L,129,F,6.08294706619463e-07,6.215885962751215
129,G-131-R,G,131,R,5.4746456991e-06,5.261643981675918
130,K-132-N,K,132,N,1.0340947109e-05,4.985439683159324
131,G-133-A,G,133,A,6.082902663824735e-07,6.215889132888058
132,V-134-M,V,134,M,1.94653122053e-05,4.710738626214936
133,V-134-G,V,134,G,5.4746057371e-06,5.261647151806074
134,I-135-K,I,135,K,6.082880462882871e-07,6.2158907179478025
135,I-135-M,I,135,M,6.082895263492774e-07,6.215889661241949
136,H-136-Y,H,136,Y,6.082902663824735e-07,6.215889132888058
137,H-136-N,H,136,N,6.082902663824735e-07,6.215889132888058
138,K-137-E,K,137,E,6.082902663824735e-07,6.215889132888058
139,K-137-R,K,137,R,6.0829026638e-06,5.215889132889824
140,D-138-Y,D,138,Y,1.21658201283e-05,4.914858608871307
141,D-138-N,D,138,N,6.082910064174701e-07,6.215888604533524
142,D-138-E,D,138,E,6.082917464542675e-07,6.215888076178349
143,D-138-E,D,138,E,2.4331669858e-06,5.6138280848534325
144,P-141-S,P,141,S,4.8663576529e-06,5.312795975764242
145,P-141-A,P,141,A,6.0829470661e-06,5.215885962757971
146,I-144-T,I,144,T,1.2165775726e-06,5.914860193943983
148,V-146-I,V,146,I,1.39906931476e-05,4.854160768515988
149,D-147-E,D,147,E,1.8248641388e-06,5.7387694632435755
150,N-148-Y,N,148,Y,1.8248663589e-06,5.738768934888301
151,D-149-N,D,149,N,9.7326087406e-06,5.01177073529244
152,D-149-G,D,149,G,6.082895263492774e-07,6.215889661241949
153,I-152-V,I,152,V,1.2165775726e-06,5.914860193943983
154,I-154-M,I,154,M,9.1245649103e-06,5.0397878349877425
155,L-157-F,L,157,F,6.082902663824735e-07,6.215889132888058
156,G-158-S,G,158,S,1.3990659106e-05,4.854161825225392
157,G-158-D,G,158,D,6.08288786317882e-07,6.215890189595197
158,G-158-V,G,158,V,1.8248663589e-06,5.738768934888301
159,L-159-V,L,159,V,1.824868579e-06,5.73876840653367
160,A-160-T,A,160,T,9.61097451631e-05,4.017232574287914
161,F-162-S,F,162,S,4.258016324e-06,5.370792677935382
162,K-163-N,K,163,N,6.082880462882871e-07,6.2158907179478025
163,M-164-T,M,164,T,6.6911685091e-06,5.174498032794196
164,S-166-G,S,166,G,1.2165820128e-06,5.9148586088820165
165,S-166-R,S,166,R,0.0001989106751162,3.7013419085816928
166,L-168-Q,L,168,Q,6.082880462882871e-07,6.2158907179478025
168,E-171-D,E,171,D,6.082880462882871e-07,6.2158907179478025
169,E-172-K,E,172,K,6.082880462882871e-07,6.2158907179478025
170,H-173-Y,H,173,Y,6.082880462882871e-07,6.2158907179478025
171,H-173-R,H,173,R,6.082880462882871e-07,6.2158907179478025
172,N-174-H,N,174,H,1.2165760925e-06,5.914860722311157
173,N-174-S,N,174,S,2.4331521851e-06,5.613830726629327
174,N-174-T,N,174,T,7.11697014157e-05,4.1477048562018215
175,E-175-K,E,175,K,1.2165775726e-06,5.914860193943983
176,R-177-K,R,177,K,6.082880462882871e-07,6.2158907179478025
177,V-179-M,V,179,M,5.4746057371e-06,5.261647151806074
178,D-180-H,D,180,H,1.2165760925e-06,5.914860722311157
179,D-180-A,D,180,A,1.2165775726e-06,5.914860193943983
180,G-181-S,G,181,S,7.2994743161e-06,5.136708415199758
181,G-181-R,G,181,R,4.2580266844e-06,5.370791621232276
182,T-182-A,T,182,A,1.2165790526e-06,5.91485966561315
183,A-183-T,A,183,T,1.33823370183e-05,4.873468037126969
184,A-183-V,A,183,V,6.08288786317882e-07,6.215890189595197
187,K-185-N,K,185,N,1.15574728794e-05,4.937137116997883
188,K-185-N,K,185,N,5.4745924165e-06,5.261648208515981
190,G-187-D,G,187,D,6.6911685091e-06,5.174498032794196
191,G-188-S,G,188,S,2.98065131489e-05,4.52568882600572
192,G-188-C,G,188,C,1.76405894146e-05,4.753486908136635
193,T-189-P,T,189,P,6.082917464542675e-07,6.215888076178349
194,L-190-V,L,190,V,1.8249218629e-06,5.738755725858374
195,L-190-R,L,190,R,6.08288786317882e-07,6.215890189595197
196,Y-191-H,Y,191,H,6.082924864928653e-07,6.215887547822529
197,Y-191-C,Y,191,C,1.8248774594e-06,5.7387662931215715
198,Y-192-H,Y,192,H,1.8248641388e-06,5.7387694632435755
199,Y-192-C,Y,192,C,1.2165760925e-06,5.914860722311157
200,M-193-V,M,193,V,3.6497460385e-06,5.437737354150454
201,M-193-L,M,193,L,1.2165820128e-06,5.9148586088820165
202,A-194-V,A,194,V,8.5161673353e-06,5.069755813640076
203,E-196-Q,E,196,Q,6.08288786317882e-07,6.215890189595197
204,E-196-K,E,196,K,3.0414439315e-06,5.516920185271945
205,E-196-D,E,196,D,3.22392664532e-05,4.49161484834808
206,D-200-N,D,200,N,6.08288786317882e-07,6.215890189595197
207,V-201-I,V,201,I,2.37232338052e-05,4.624826110922093
208,A-203-T,A,203,T,7.907831186e-06,5.10194261044729
209,A-203-S,A,203,S,0.0003266542574546,3.4859116770517278
210,K-204-E,K,204,E,6.082880462882871e-07,6.2158907179478025
211,T-206-I,T,206,I,1.09491848331e-05,4.960618212848033
212,S-209-T,S,209,T,3.6497460385e-06,5.437737354150454
213,S-209-L,S,209,L,1.39906420853e-05,4.854162353577954
214,V-211-A,V,211,A,1.2165775726e-06,5.914860193943983
215,V-211-G,V,211,G,6.08288786317882e-07,6.215890189595197
216,V-216-L,V,216,L,6.08288786317882e-07,6.215890189595197
217,V-216-I,V,216,I,2.4331551452e-06,5.613830198280001
218,A-220-T,A,220,T,3.6497327179e-06,5.437738939212421
219,A-220-V,A,220,V,1.76404606471e-05,4.7534900782812075
220,I-221-T,I,221,T,6.08288786317882e-07,6.215890189595197
221,F-222-L,F,222,L,6.082895263492774e-07,6.215889661241949
222,F-222-I,F,222,I,6.082895263492774e-07,6.215889661241949
223,A-223-E,A,223,E,6.082954466652636e-07,6.215885434392825
224,N-224-S,N,224,S,1.8248796795e-06,5.738765764770154
226,E-226-K,E,226,K,3.0414513319e-06,5.5169191285538055
227,Y-228-H,Y,228,H,3.0414587322e-06,5.5169180718525155
228,Y-228-C,Y,228,C,1.2165923734e-06,5.914854910378995
229,E-229-K,E,229,K,6.082932265332639e-07,6.215887019466067
230,I-232-L,I,232,L,3.041455032e-06,5.516918600209979
231,I-232-V,I,232,V,1.2165820128e-06,5.9148586088820165
232,E-234-K,E,234,K,0.0004914967414009,3.3084793571732476
233,Q-236-L,Q,236,L,6.08288786317882e-07,6.215890189595197
234,Q-236-R,Q,236,R,6.08288786317882e-07,6.215890189595197
235,L-237-S,L,237,S,1.2165775726e-06,5.914860193943983
236,I-238-V,I,238,V,6.082880462882871e-07,6.2158907179478025
237,M-239-K,M,239,K,6.08288786317882e-07,6.215890189595197
238,M-239-I,M,239,I,2.4331521851e-06,5.613830726629327
239,I-241-V,I,241,V,2.4331521851e-06,5.613830726629327
240,K-242-N,K,242,N,4.258016324e-06,5.370792677935382
241,S-243-C,S,243,C,6.082895263492774e-07,6.215889661241949
242,N-245-K,N,245,K,6.082895263492774e-07,6.215889661241949
243,R-246-S,R,246,S,6.08299886977881e-07,6.215882264228984
244,D-248-N,D,248,N,1.2165775726e-06,5.914860193943983
245,D-248-A,D,248,A,6.082895263492774e-07,6.215889661241949
246,D-250-N,D,250,N,6.082880462882871e-07,6.2158907179478025
247,D-250-G,D,250,G,6.082895263492774e-07,6.215889661241949
248,T-253-I,T,253,I,1.15575572433e-05,4.937133946872121
249,T-253-S,T,253,S,6.082924864928653e-07,6.215887547822529
250,E-254-Q,E,254,Q,2.00735055275e-05,4.697376778070206
251,Y-255-H,Y,255,H,1.8248730192e-06,5.738767349826335
252,Y-255-F,Y,255,F,4.2581406524e-06,5.370779997300627
253,C-256-G,C,256,G,6.082880462882871e-07,6.2158907179478025
254,C-256-R,C,256,R,1.2165760925e-06,5.914860722311157
255,C-256-Y,C,256,Y,6.082932265332639e-07,6.215887019466067
256,R-258-G,R,258,G,1.52072196579e-05,4.817950180924503
257,S-262-R,S,262,R,6.082924864928653e-07,6.215887547822529
258,S-262-T,S,262,T,6.082924864928653e-07,6.215887547822529
259,S-262-R,S,262,R,6.082895263492774e-07,6.215889661241949
260,L-263-F,L,263,F,6.08288786317882e-07,6.215890189595197
261,M-264-V,M,264,V,1.2166293769e-06,5.914841701212292
262,M-264-L,M,264,L,1.8249440654e-06,5.738750442144712
263,K-265-N,K,265,N,1.8248707991e-06,5.738767878179681
264,L-266-V,L,266,V,6.082895263492774e-07,6.215889661241949
265,C-267-S,C,267,S,6.08288786317882e-07,6.215890189595197
266,A-270-V,A,270,V,1.33823532989e-05,4.873467508776022
267,N-271-K,N,271,K,1.2165775726e-06,5.914860193943983
268,P-272-L,P,272,L,1.58155084442e-05,4.800916841626162
269,E-273-K,E,273,K,6.0828804628e-06,5.215890717953719
270,R-275-W,R,275,W,1.33823370183e-05,4.873468037126969
271,R-275-Q,R,275,Q,3.0414402314e-06,5.5169207136177
272,P-276-L,P,276,L,2.31150582438e-05,4.636105007917914
273,T-277-S,T,277,S,6.08288786317882e-07,6.215890189595197
274,F-278-L,F,278,L,6.082895263492774e-07,6.215889661241949
275,F-278-Y,F,278,Y,1.39906931476e-05,4.854160768515988
276,P-279-L,P,279,L,6.082902663824735e-07,6.215889132888058
277,G-280-V,G,280,V,3.6554339243e-06,5.437061062004774
278,I-281-T,I,281,T,6.70038789154e-05,4.173900054869446
279,E-282-K,E,282,K,3.0436063569e-06,5.516611517499693
280,E-283-D,E,283,D,3.6525232848e-06,5.437407006761792
281,P-287-R,P,287,R,1.217828028e-06,5.914414034990262
282,S-291-G,S,291,G,6.084738502278126e-07,6.215758081272525
283,S-291-R,S,291,R,6.084738502278126e-07,6.215758081272525
284,S-291-T,S,291,T,6.084597814169081e-07,6.2157681229161845
285,E-294-K,E,294,K,1.2168351577e-06,5.914768250816888
286,E-294-D,E,294,D,6.084094352135213e-07,6.21580405952799
287,E-298-D,E,298,D,3.6505543366e-06,5.437641182927913
288,D-300-N,D,300,N,3.6505321258e-06,5.437643825282014
289,D-300-Y,D,300,Y,6.084220209832586e-07,6.215795075653815
290,V-301-L,V,301,L,3.0427210202e-06,5.51673786523695
291,V-301-L,V,301,L,1.03452514687e-05,4.985258948193855
292,S-303-N,S,303,N,6.0853383508e-06,5.215715269562067
293,E-311-K,E,311,K,0.0001497100736622,3.8247489759514512
294,V-314-L,V,314,L,1.2170824828e-06,5.914679988235814
295,K-316-R,K,316,R,1.2169506623e-06,5.914727028610693
296,M-318-V,M,318,V,4.2621593316e-06,5.370370319159295
297,M-318-R,M,318,R,6.083553963557078e-07,6.215842635228344
298,S-320-A,S,320,A,6.083716810282941e-07,6.2158310100355205
299,L-323-P,L,323,P,1.8251106017e-06,5.7387108121650146
300,C-325-R,C,325,R,2.4334926459e-06,5.6137699618716255
301,V-326-E,V,326,E,1.2169358528e-06,5.914732313724926
302,A-327-T,A,327,T,6.084012917576227e-07,6.215809872524017
303,S-331-C,S,331,C,3.0425395712e-06,5.516763764637077
304,R-332-W,R,332,W,6.39110650139e-05,4.1944239453084915
305,A-336-V,A,336,V,6.08332451251279e-07,6.215859015653711
306,T-337-A,T,337,A,1.09495578203e-05,4.9606034187308214
307,T-337-I,T,337,I,1.2166145752e-06,5.914846984937853
308,E-338-Q,E,338,Q,1.8248907802e-06,5.73876312297511
309,P-340-L,P,340,L,4.258088848e-06,5.370785280945239
310,G-341-S,G,341,S,3.6498170833e-06,5.43772890039395
311,G-341-D,G,341,D,3.0414661326e-06,5.516917015139518
312,H-344-R,H,344,R,1.2165849729e-06,5.914857552189152
313,S-346-P,S,346,P,7.2994743161e-06,5.136708415199758
314,Q-347-K,Q,347,K,7.2994654358e-06,5.13670894354844
315,Q-347-R,Q,347,R,6.082880462882871e-07,6.2158907179478025
316,Q-347-P,Q,347,P,3.6497282777e-06,5.437739467567695
317,G-348-R,G,348,R,6.082880462882871e-07,6.2158907179478025
318,G-348-R,G,348,R,6.082880462882871e-07,6.2158907179478025
319,G-348-V,G,348,V,6.6911685091e-06,5.174498032794196
320,G-348-E,G,348,E,6.082880462882871e-07,6.2158907179478025
321,L-349-P,L,349,P,1.70321274587e-05,4.7687311015460745
322,L-349-R,L,349,R,1.8248707991e-06,5.738767878179681
323,M-351-T,M,351,T,6.082910064174701e-07,6.215888604533524
324,G-352-C,G,352,C,1.2165805327e-06,5.914859137247261
325,G-352-D,G,352,D,1.2165938535e-06,5.914854382018892
326,V-354-G,V,354,G,6.082917464542675e-07,6.215888076178349
327,E-355-A,E,355,A,6.08288786317882e-07,6.215890189595197
328,E-356-D,E,356,D,4.8663576529e-06,5.312795975764242
329,W-358-G,W,358,G,6.08288786317882e-07,6.215890189595197
330,P-361-L,P,361,L,6.089852114031263e-07,6.215393253646271
331,S-362-F,S,362,F,1.2179377877e-06,5.914374894912204
332,L-363-V,L,363,V,1.64426607879e-05,4.784027902611093
333,E-364-Q,E,364,Q,6.08294706619463e-07,6.215885962751215
334,E-364-G,E,364,G,6.08294706619463e-07,6.215885962751215
336,Q-367-E,Q,367,E,6.082976668134691e-07,6.215883849313797
337,Q-367-R,Q,367,R,7.2995720017e-06,5.136702603269839
338,E-371-K,E,371,K,2.4331551452e-06,5.613830198280001
339,E-371-G,E,371,G,6.082924864928653e-07,6.215887547822529
340,P-372-A,P,372,A,1.2165849729e-06,5.914857552189152
341,P-372-S,P,372,S,1.21658497298e-05,4.914857552160593
342,P-372-H,P,372,H,3.0414846338e-06,5.5169143733397155
343,P-372-R,P,372,R,6.082969267622666e-07,6.215884377674116
344,L-374-M,L,374,M,1.8248663589e-06,5.738768934888301
345,L-374-P,L,374,P,6.082895263492774e-07,6.215889661241949
346,L-374-R,L,374,R,6.082895263492774e-07,6.215889661241949
347,S-376-G,S,376,G,6.082924864928653e-07,6.215887547822529
348,S-376-N,S,376,N,2.43315218515e-05,4.613830726620402
349,D-380-E,D,380,E,3.6497282777e-06,5.437739467567695
350,A-382-T,A,382,T,6.082880462882871e-07,6.2158907179478025
351,A-382-G,A,382,G,1.2165760925e-06,5.914860722311157
352,N-383-T,N,383,T,1.2165760925e-06,5.914860722311157
353,N-383-K,N,383,K,6.082880462882871e-07,6.2158907179478025
354,Y-384-C,Y,384,C,3.0414402314e-06,5.5169207136177
355,L-386-F,L,386,F,1.2165760925e-06,5.914860722311157
356,L-386-I,L,386,I,1.2165760925e-06,5.914860722311157
357,L-386-P,L,386,P,3.6497327179e-06,5.437738939212421
358,S-389-T,S,389,T,6.082880462882871e-07,6.2158907179478025
359,R-390-S,R,390,S,6.082880462882871e-07,6.2158907179478025
360,R-390-C,R,390,C,8.516032648e-06,5.069762682271401
361,R-390-H,R,390,H,3.6497327179e-06,5.437738939212421
362,M-391-L,M,391,L,2.4331551452e-06,5.613830198280001
363,M-391-V,M,391,V,6.08288786317882e-07,6.215890189595197
364,M-391-T,M,391,T,6.082880462882871e-07,6.2158907179478025
365,M-391-R,M,391,R,6.082880462882871e-07,6.2158907179478025
366,M-391-I,M,391,I,6.082880462882871e-07,6.2158907179478025
367,R-393-G,R,393,G,1.8248641388e-06,5.7387694632435755
368,Q-394-E,Q,394,E,6.082880462882871e-07,6.2158907179478025
369,T-395-A,T,395,A,6.082880462882871e-07,6.2158907179478025
370,T-395-K,T,395,K,2.4331521851e-06,5.613830726629327
371,T-395-R,T,395,R,1.2165760925e-06,5.914860722311157
372,T-395-M,T,395,M,3.28475544995e-05,4.483496958125726
373,K-396-N,K,396,N,1.2165760925e-06,5.914860722311157
374,Q-397-E,Q,397,E,6.082880462882871e-07,6.2158907179478025
375,Q-398-H,Q,398,H,1.2774048972e-05,4.89367142321572
376,R-400-I,R,400,I,1.2165760925e-06,5.914860722311157
377,Q-401-H,Q,401,H,6.082895263492774e-07,6.215889661241949
378,N-402-H,N,402,H,6.08288786317882e-07,6.215890189595197
379,N-402-T,N,402,T,1.2165775726e-06,5.914860193943983
380,N-402-K,N,402,K,6.08288786317882e-07,6.215890189595197
381,V-403-L,V,403,L,6.082895263492774e-07,6.215889661241949
382,A-404-S,A,404,S,6.6911685091e-06,5.174498032794196
383,Y-405-H,Y,405,H,6.082880462882871e-07,6.2158907179478025
384,Y-405-C,Y,405,C,1.2165760925e-06,5.914860722311157
385,N-406-H,N,406,H,1.2165790526e-06,5.91485966561315
386,N-406-S,N,406,S,4.2580215042e-06,5.370792149583508
387,R-407-G,R,407,G,6.08288786317882e-07,6.215890189595197
388,E-408-Q,E,408,Q,6.08288786317882e-07,6.215890189595197
389,E-408-K,E,408,K,2.4331551452e-06,5.613830198280001
390,E-409-K,E,409,K,1.8248641388e-06,5.7387694632435755
391,R-412-G,R,412,G,6.082910064174701e-07,6.215888604533524
392,R-412-S,R,412,S,4.8663694937e-06,5.312794919042108
393,R-413-C,R,413,C,1.8251416918e-06,5.738703414178362
394,R-413-H,R,413,H,9.1395536729e-06,5.039075012376625
395,S-416-P,S,416,P,1.2165834929e-06,5.914858080517414
396,H-417-R,H,417,R,6.08288786317882e-07,6.215890189595197
397,D-418-E,D,418,E,6.08288786317882e-07,6.215890189595197
398,P-419-S,P,419,S,1.88569294349e-05,4.724529024114379
399,F-420-Y,F,420,Y,1.2165790526e-06,5.91485966561315
400,Q-422-R,Q,422,R,1.8248752393e-06,5.738766821473631
401,Q-422-H,Q,422,H,6.082895263492774e-07,6.215889661241949
402,R-424-G,R,424,G,1.58156046488e-05,4.80091419985211
403,P-425-L,P,425,L,1.2165760925e-06,5.914860722311157
404,Y-426-H,Y,426,H,1.8248641388e-06,5.7387694632435755
405,E-427-K,E,427,K,2.4331521851e-06,5.613830726629327
406,Q-430-R,Q,430,R,6.08288786317882e-07,6.215890189595197
407,N-431-S,N,431,S,4.8663043703e-06,5.312800730956421
408,N-431-K,N,431,K,1.8248707991e-06,5.738767878179681
409,T-432-K,T,432,K,6.082902663824735e-07,6.215889132888058
410,E-433-Q,E,433,Q,1.2165760925e-06,5.914860722311157
411,E-433-K,E,433,K,1.2165760925e-06,5.914860722311157
412,T-437-I,T,437,I,6.082924864928653e-07,6.215887547822529
413,Y-439-H,Y,439,H,6.083050674245337e-07,6.215878565675255
414,S-441-G,S,441,G,1.2165790526e-06,5.91485966561315
415,S-441-I,S,441,I,1.2165834929e-06,5.914858080517414
416,S-441-N,S,441,N,4.62301727305e-05,4.3350744838977855
417,S-441-R,S,441,R,1.2165790526e-06,5.91485966561315
418,A-442-V,A,442,V,1.8248818997e-06,5.73876523639558
419,S-444-C,S,444,C,1.2165760925e-06,5.914860722311157
420,S-444-I,S,444,I,6.082902663824735e-07,6.215889132888058
421,H-445-R,H,445,R,1.2165805327e-06,5.914859137247261
422,H-445-Q,H,445,Q,1.94652648431e-05,4.710739682923758
423,N-447-D,N,447,D,1.8248707991e-06,5.738767878179681
424,H-450-Y,H,450,Y,6.083028472223067e-07,6.215880150773567
426,G-454-R,G,454,R,6.082902663824735e-07,6.215889132888058
427,G-454-E,G,454,E,4.8663458122e-06,5.312797032480024
428,L-455-F,L,455,F,1.8248863399e-06,5.738764179695959
429,T-456-A,T,456,A,6.082917464542675e-07,6.215888076178349
430,S-457-N,S,457,N,6.082932265332639e-07,6.215887019466067
431,P-459-S,P,459,S,7.2994743161e-06,5.136708415199758
432,P-459-L,P,459,L,6.082910064174701e-07,6.215888604533524
433,Q-460-K,Q,460,K,6.08288786317882e-07,6.215890189595197
434,Q-460-H,Q,460,H,6.0828952634e-06,5.215889661248572
435,V-461-I,V,461,I,6.08288786317882e-07,6.215890189595197
436,L-462-R,L,462,R,1.8248641388e-06,5.7387694632435755
437,L-462-P,L,462,P,1.2165760925e-06,5.914860722311157
438,N-465-S,N,465,S,1.2165790526e-06,5.91485966561315
439,N-466-D,N,466,D,2.4331551452e-06,5.613830198280001
440,N-466-H,N,466,H,6.08288786317882e-07,6.215890189595197
441,N-466-S,N,466,S,6.082910064174701e-07,6.215888604533524
442,Y-469-H,Y,469,H,1.2165760925e-06,5.914860722311157
443,Y-469-C,Y,469,C,2.67648042823e-05,4.572435928048452
444,H-472-Y,H,472,Y,6.082902663824735e-07,6.215889132888058
445,H-472-R,H,472,R,4.2580215042e-06,5.370792149583508
446,G-475-R,G,475,R,6.082880462882871e-07,6.2158907179478025
447,G-475-E,G,475,E,1.2165790526e-06,5.91485966561315
448,T-476-R,T,476,R,2.12901334222e-05,4.671821616892177
449,P-478-T,P,478,T,7.299492077e-06,5.136707358486474
450,L-479-M,L,479,M,6.082895263492774e-07,6.215889661241949
451,P-481-S,P,481,S,6.082895263492774e-07,6.215889661241949
452,G-482-R,G,482,R,6.082895263492774e-07,6.215889661241949
453,G-482-E,G,482,E,2.4331640256e-06,5.613828613218035
454,T-483-I,T,483,I,3.041473533e-06,5.516915958429092
455,G-485-R,G,485,R,1.2165849729e-06,5.914857552189152
456,P-486-T,P,486,T,1.2165908933e-06,5.914855438739741
457,P-486-S,P,486,S,2.31152269732e-05,4.636101837777518
458,R-487-K,R,487,K,1.2165760925e-06,5.914860722311157
459,R-487-T,R,487,T,6.082880462882871e-07,6.2158907179478025
460,R-487-S,R,487,S,6.0829174645e-06,5.215888076181395
461,V-488-I,V,488,I,6.082932265332639e-07,6.215887019466067
462,V-488-F,V,488,F,6.082932265332639e-07,6.215887019466067
463,Y-490-H,Y,490,H,1.2165820128e-06,5.9148586088820165
464,Y-490-C,Y,490,C,2.4331965876e-06,5.613822801278459
465,R-491-G,R,491,G,6.6913476009e-06,5.174486408884333
466,R-491-S,R,491,S,1.8248930004e-06,5.738762594603751
467,I-493-N,I,493,N,1.64238571732e-05,4.784524840376433
468,P-494-T,P,494,T,6.082924864928653e-07,6.215887547822529
469,P-494-S,P,494,S,6.082924864928653e-07,6.215887547822529
470,S-495-T,S,495,T,3.6497682397e-06,5.437734712369568
471,H-496-L,H,496,L,6.0829174645e-06,5.215888076181395
472,H-496-Q,H,496,Q,1.2165790526e-06,5.91485966561315
473,M-497-V,M,497,V,1.2165834929e-06,5.914858080517414
474,M-497-I,M,497,I,3.6497637994e-06,5.437735240731599
475,P-498-S,P,498,S,1.2166027341e-06,5.914851211871773
476,P-498-A,P,498,A,1.2166027341e-06,5.914851211871773
477,P-498-L,P,498,L,3.041455032e-06,5.516918600209979
478,S-499-G,S,499,G,4.8663931753e-06,5.312792805605554
479,S-499-R,S,499,R,6.082991469212764e-07,6.215882792591231
480,S-499-N,S,499,N,6.6912906161e-06,5.174490107435215
481,S-499-R,S,499,R,6.082895263492774e-07,6.215889661241949
482,L-500-Q,L,500,Q,6.083028472223067e-07,6.215880150773567
483,H-501-Y,H,501,Y,2.55484398419e-05,4.592635615636576
484,H-501-R,H,501,R,3.6497771202e-06,5.437733655659333
485,N-502-H,N,502,H,6.082910064174701e-07,6.215888604533524
486,I-503-N,I,503,N,6.082910064174701e-07,6.215888604533524
487,P-504-L,P,504,L,6.082969267622666e-07,6.215884377674116
488,V-505-L,V,505,L,3.649737158e-06,5.437738410869689
489,V-505-G,V,505,G,4.8663872549e-06,5.312793333963728
490,P-506-S,P,506,S,6.082924864928653e-07,6.215887547822529
491,P-506-R,P,506,R,3.0414513319e-06,5.5169191285538055
492,P-506-L,P,506,L,6.082902663824735e-07,6.215889132888058
493,E-507-G,E,507,G,6.082924864928653e-07,6.215887547822529
494,N-509-S,N,509,S,6.08294706619463e-07,6.215885962751215
495,Y-510-H,Y,510,H,2.85897120833e-05,4.543790218243399
496,Y-510-C,Y,510,C,1.33824347028e-05,4.8734648670017195
497,G-512-R,G,512,R,6.082932265332639e-07,6.215887019466067
498,G-512-V,G,512,V,1.8248796795e-06,5.738765764770154
499,N-513-D,N,513,D,1.2165894132e-06,5.914855967101129
500,N-513-S,N,513,S,1.8248752393e-06,5.738766821473631
501,T-514-R,T,514,R,1.2165938535e-06,5.914854382018892
502,T-514-K,T,514,K,4.866375414e-06,5.31279439069093
503,T-514-I,T,514,I,4.2580784873e-06,5.3707863376635165
504,P-515-S,P,515,S,1.2166071745e-06,5.914849626771194
505,P-515-L,P,515,L,2.4331995479e-06,5.613822272903079
506,T-516-P,T,516,P,6.083080277193802e-07,6.21587645220184
507,T-516-I,T,516,I,1.8248841198e-06,5.738764708045448
508,M-517-V,M,517,V,6.083080277193802e-07,6.21587645220184
509,P-518-L,P,518,L,6.083035872879149e-07,6.2158796224081065
510,S-520-N,S,520,N,4.8664997457e-06,5.312783294982754
511,S-520-T,S,520,T,2.4332498728e-06,5.61381329065566
512,S-521-P,S,521,P,6.083250499739029e-07,6.215864299530103
513,S-521-T,S,521,T,1.2166500999e-06,5.914834303883186
514,S-521-F,S,521,F,1.824948506e-06,5.738749385385896
515,S-521-Y,S,521,Y,1.2166323373e-06,5.914840644453476
516,L-522-F,L,522,F,6.08335411812657e-07,6.215856902085154
517,P-524-L,P,524,L,3.16365977029e-05,4.499810228028541
518,E-527-Q,E,527,Q,6.085019898015066e-07,6.215737997288638
519,I-529-V,I,529,V,2.1294615261e-05,4.6717302021051
520,I-529-T,I,529,T,6.085093953850647e-07,6.215732711875349
521,I-529-M,I,529,M,6.0838204445e-06,5.215823612027581
522,Y-531-H,Y,531,H,2.06856439197e-05,4.684330955483003
523,T-532-I,T,532,I,8.82349361665e-05,4.05435942416319
524,I-533-V,I,533,V,1.8252127589e-06,5.738686504012626
525,I-533-L,I,533,L,6.0840425298909e-07,6.215807758716282
526,I-533-R,I,533,R,6.085330944638094e-07,6.21571579812055
527,I-533-M,I,533,M,7.9089473312e-06,5.101881316587527
528,Y-534-H,Y,534,H,1.8252149799e-06,5.738685975544121
529,S-536-T,S,536,T,2.4337650832e-06,5.613721343934067
530,T-537-A,T,537,A,5.90164333388e-05,4.229027040652451
531,T-537-P,T,537,P,6.084168385444236e-07,6.215798774918628
532,I-541-V,I,541,V,6.6920233515e-06,5.174442552256878
533,G-542-R,G,542,R,6.083901873963455e-07,6.215817799211392
534,A-543-P,A,543,P,1.8251505749e-06,5.738701300440047
535,A-543-V,A,543,V,1.2168277543e-06,5.9147708931349765
536,N-545-T,N,545,T,4.7451085839e-05,4.323753845017714
537,M-547-K,M,547,K,1.8263705998e-06,5.738411092564359
538,M-547-T,M,547,T,1.52197549984e-05,4.817592338610082
539,I-549-T,I,549,T,3.6504743791e-06,5.43765069531374
540,I-549-M,I,549,M,4.2583789689e-06,5.370755691705026
541,T-552-M,T,552,M,2.43349856788e-05,4.6137689050037896
542,T-552-R,T,552,R,6.083746419715232e-07,6.215828896330665
543,S-554-L,S,554,L,6.083961096719163e-07,6.215813571662795
545,L-557-P,L,557,P,6.083013670964925e-07,6.215881207502561
546,D-558-E,D,558,E,6.083169087767963e-07,6.215870111719883
547,S-559-G,S,559,G,6.08311728128456e-07,6.215873810345608
548,T-560-R,T,560,R,3.0415179364e-06,5.516909618077738
549,N-561-T,N,561,T,6.082991469212764e-07,6.215882792591231
550,T-562-M,T,562,M,0.0001131454308103,3.946362979614164
551,N-563-I,N,563,I,6.083065475683554e-07,6.215877508939833
552,F-564-L,F,564,L,6.082895263492774e-07,6.215889661241949
553,F-564-S,F,564,S,6.082954466652636e-07,6.215885434392825
554,F-564-C,F,564,C,5.04885220732e-05,4.296807342016896
555,F-564-L,F,564,L,1.2165953336e-06,5.914853853659432
556,E-566-G,E,566,G,6.08294706619463e-07,6.215885962751215
557,E-566-D,E,566,D,6.083650190114068e-07,6.215835765833833
558,E-567-Q,E,567,Q,6.082932265332639e-07,6.215887019466067
559,E-567-D,E,567,D,1.45990374367e-05,4.835675777757387
560,P-568-A,P,568,A,3.0415253371e-06,5.516908561342474
561,P-568-R,P,568,R,3.0414439315e-06,5.516920185271945
562,A-569-S,A,569,S,1.8249018811e-06,5.73876048114854
563,A-569-V,A,569,V,0.0167301148149905,1.7765010785626676
564,K-571-N,K,571,N,6.082976668134691e-07,6.215883849313797
565,A-574-V,A,574,V,6.08313208304692e-07,6.215872753598615
566,I-575-V,I,575,V,1.2774173298e-05,4.8936671963779235
567,I-575-S,I,575,S,6.082939665754632e-07,6.215886491108963
568,I-575-T,I,575,T,6.082939665754632e-07,6.215886491108963
569,F-576-L,F,576,L,6.082961867128647e-07,6.215884906033791
571,S-581-N,S,581,N,6.082961867128647e-07,6.215884906033791
572,T-583-M,T,583,M,6.08292486492e-05,4.215887547823147
573,T-583-K,T,583,K,6.082924864928653e-07,6.215887547822529
574,D-584-G,D,584,G,1.2165760925e-06,5.914860722311157
575,H-586-Y,H,586,Y,6.082939665754632e-07,6.215886491108963
576,H-586-D,H,586,D,1.2165879331e-06,5.914856495463161
577,H-586-Q,H,586,Q,6.082895263492774e-07,6.215889661241949
578,I-590-V,I,590,V,1.2165760925e-06,5.914860722311157
579,E-592-G,E,592,G,6.082902663824735e-07,6.215889132888058
580,N-593-S,N,593,S,1.2165849729e-06,5.914857552189152
581,N-593-K,N,593,K,6.08288786317882e-07,6.215890189595197
582,H-597-Y,H,597,Y,6.082902663824735e-07,6.215889132888058
583,C-601-R,C,601,R,6.08294706619463e-07,6.215885962751215
584,R-603-C,R,603,C,1.8249085416e-06,5.738758896069831
585,R-603-H,R,603,H,2.18986360799e-05,4.659582933626519
586,G-606-R,G,606,R,6.082895263492774e-07,6.215889661241949
587,F-607-L,F,607,L,2.4331581053e-06,5.613829669931319
588,Q-609-L,Q,609,L,6.082917464542675e-07,6.215888076178349
589,S-610-P,S,610,P,1.824868579e-06,5.73876840653367
590,S-610-F,S,610,F,3.0414587322e-06,5.5169180718525155
591,I-612-T,I,612,T,3.89305770484e-05,4.409709158905044
592,D-613-N,D,613,N,6.082880462882871e-07,6.2158907179478025
593,I-615-S,I,615,S,1.2165760925e-06,5.914860722311157
594,I-615-T,I,615,T,6.082880462882871e-07,6.2158907179478025
595,D-616-H,D,616,H,6.08288786317882e-07,6.215890189595197
596,D-618-N,D,618,N,6.08288786317882e-07,6.215890189595197
597,E-620-Q,E,620,Q,6.08288786317882e-07,6.215890189595197
598,E-620-D,E,620,D,6.082880462882871e-07,6.2158907179478025
599,R-621-Q,R,621,Q,7.2994831965e-06,5.136707886845769
600,G-623-E,G,623,E,6.082880462882871e-07,6.2158907179478025
601,L-624-P,L,624,P,6.082895263492774e-07,6.215889661241949
602,K-627-Q,K,627,Q,1.2165760925e-06,5.914860722311157
603,K-627-N,K,627,N,6.082880462882871e-07,6.2158907179478025
604,V-628-F,V,628,F,2.4331551452e-06,5.613830198280001
605,Q-630-H,Q,630,H,6.082895263492774e-07,6.215889661241949
606,M-631-V,M,631,V,1.2165775726e-06,5.914860193943983
607,M-631-T,M,631,T,1.2165775726e-06,5.914860193943983
608,M-631-I,M,631,I,3.0414439315e-06,5.516920185271945
609,L-632-F,L,632,F,8.516032648e-06,5.069762682271401
610,V-636-M,V,636,M,1.64237772497e-05,4.78452695379103
611,M-637-L,M,637,L,1.2165775726e-06,5.914860193943983
612,M-637-T,M,637,T,1.2165805327e-06,5.914859137247261
613,M-637-I,M,637,I,1.8248641388e-06,5.7387694632435755
614,R-638-K,R,638,K,1.2165790526e-06,5.91485966561315
615,R-638-S,R,638,S,4.8663102905e-06,5.312800202607096
616,R-638-S,R,638,S,6.08288786317882e-07,6.215890189595197
617,E-639-G,E,639,G,4.2580266844e-06,5.370791621232276
618,G-640-S,G,640,S,6.082917464542675e-07,6.215888076178349
619,I-641-T,I,641,T,6.0828878631e-06,5.215890189600825
620,A-644-P,A,644,P,6.082902663824735e-07,6.215889132888058
621,T-645-R,T,645,R,6.082910064174701e-07,6.215888604533524
622,T-645-M,T,645,M,0.0001034094710909,3.985439683155544
623,G-647-E,G,647,E,6.082895263492774e-07,6.215889661241949
624,K-648-R,K,648,R,1.2165805327e-06,5.914859137247261
625,K-648-N,K,648,N,6.082910064174701e-07,6.215888604533524
626,L-649-V,L,649,V,1.88569294349e-05,4.724529024114379
627,A-652-G,A,652,G,6.082917464542675e-07,6.215888076178349
628,A-652-V,A,652,V,2.25067946188e-05,4.6476863521115055
629,S-657-C,S,657,C,1.2165775726e-06,5.914860193943983
630,R-658-S,R,658,S,6.082880462882871e-07,6.2158907179478025
631,I-659-F,I,659,F,6.082880462882871e-07,6.2158907179478025
632,I-659-N,I,659,N,1.2165775726e-06,5.914860193943983
633,D-660-N,D,660,N,4.8663043703e-06,5.312800730956421
634,D-660-H,D,660,H,2.4331521851e-06,5.613830726629327
635,L-661-R,L,661,R,6.082895263492774e-07,6.215889661241949
636,S-664-N,S,664,N,2.31150301225e-05,4.636105536271887
637,V-668-I,V,668,I,1.58154892034e-05,4.800917369979605
638,V-668-L,V,668,L,1.2165760925e-06,5.914860722311157
639,V-668-D,V,668,D,6.08288786317882e-07,6.215890189595197
640,V-668-G,V,668,G,3.6497327179e-06,5.437738939212421
641,V-668-A,V,668,A,6.08288786317882e-07,6.215890189595197
642,S-669-G,S,669,G,6.082902663824735e-07,6.215889132888058
643,Q-670-H,Q,670,H,6.08288786317882e-07,6.215890189595197
