,variant,residue,WT_AA,pos,Mut,score
0,N442A,N442,N,442,A,-0.1292
1,N442C,N442,N,442,C,-0.1685
2,N442D,N442,N,442,D,-0.0894
3,N442E,N442,N,442,E,-0.1748
4,N442F,N442,N,442,F,-0.2463
5,N442G,N442,N,442,G,-0.1707
6,N442H,N442,N,442,H,-0.0866
7,N442I,N442,N,442,I,-0.0984
8,N442K,N442,N,442,K,-0.1368
9,N442L,N442,N,442,L,-0.1222
10,N442M,N442,N,442,M,-0.2018
11,N442P,N442,N,442,P,-0.1698
12,N442Q,N442,N,442,Q,-0.1853
13,N442R,N442,N,442,R,-0.1483
14,N442S,N442,N,442,S,-0.0782
15,N442T,N442,N,442,T,-0.0983
16,N442V,N442,N,442,V,-0.1102
17,N442W,N442,N,442,W,-0.4563
18,N442Y,N442,N,442,Y,-0.091
19,P443A,P443,P,443,A,-0.068
20,P443C,P443,P,443,C,-0.2502
21,P443D,P443,P,443,D,-0.205
22,P443E,P443,P,443,E,-0.1501
23,P443F,P443,P,443,F,-0.2138
24,P443G,P443,P,443,G,-0.1793
25,P443H,P443,P,443,H,-0.1019
26,P443I,P443,P,443,I,-0.1528
27,P443K,P443,P,443,K,-0.1557
28,P443L,P443,P,443,L,-0.0803
29,P443M,P443,P,443,M,-0.1863
30,P443N,P443,P,443,N,-0.188
31,P443Q,P443,P,443,Q,-0.1037
32,P443R,P443,P,443,R,-0.0842
33,P443S,P443,P,443,S,-0.092
34,P443T,P443,P,443,T,-0.0693
35,P443V,P443,P,443,V,-0.1157
36,P443W,P443,P,443,W,-0.2811
37,P443Y,P443,P,443,Y,-0.2061
38,V444A,V444,V,444,A,-0.0829
39,V444C,V444,V,444,C,-0.3951
40,V444D,V444,V,444,D,-0.0998
41,V444E,V444,V,444,E,-0.1006
42,V444F,V444,V,444,F,-0.0827
43,V444G,V444,V,444,G,-0.088
44,V444H,V444,V,444,H,-0.23
45,V444I,V444,V,444,I,-0.0767
46,V444K,V444,V,444,K,-0.1304
47,V444L,V444,V,444,L,-0.1012
48,V444M,V444,V,444,M,-0.0945
49,V444N,V444,V,444,N,-0.1155
50,V444P,V444,V,444,P,-0.1297
51,V444Q,V444,V,444,Q,-0.134
52,V444R,V444,V,444,R,-0.1034
53,V444S,V444,V,444,S,-0.0986
54,V444T,V444,V,444,T,-0.1009
55,V444W,V444,V,444,W,-0.3742
56,V444Y,V444,V,444,Y,-0.2283
57,T445A,T445,T,445,A,-0.0615
58,T445C,T445,T,445,C,-0.2333
59,T445D,T445,T,445,D,-0.1641
60,T445E,T445,T,445,E,-0.1324
61,T445F,T445,T,445,F,-0.1361
62,T445G,T445,T,445,G,-0.1296
63,T445H,T445,T,445,H,-0.1295
64,T445I,T445,T,445,I,-0.106
65,T445K,T445,T,445,K,-0.1048
66,T445L,T445,T,445,L,-0.0834
67,T445M,T445,T,445,M,-0.0835
68,T445N,T445,T,445,N,-0.0871
69,T445P,T445,T,445,P,-0.0546
70,T445Q,T445,T,445,Q,-0.1262
71,T445R,T445,T,445,R,-0.077
72,T445S,T445,T,445,S,-0.0847
73,T445V,T445,T,445,V,-0.1061
74,T445W,T445,T,445,W,-0.2475
75,T445Y,T445,T,445,Y,-0.1348
76,G446A,G446,G,446,A,-0.1152
77,G446C,G446,G,446,C,-0.1413
78,G446D,G446,G,446,D,-0.1145
79,G446E,G446,G,446,E,-0.1127
80,G446F,G446,G,446,F,-0.3548
81,G446H,G446,G,446,H,-0.219
82,G446I,G446,G,446,I,-0.1765
83,G446K,G446,G,446,K,-0.1927
84,G446L,G446,G,446,L,-0.2601
85,G446M,G446,G,446,M,-0.3325
86,G446N,G446,G,446,N,-0.2
87,G446P,G446,G,446,P,-0.29
88,G446Q,G446,G,446,Q,-0.174
89,G446R,G446,G,446,R,-0.1287
90,G446S,G446,G,446,S,-0.097
91,G446T,G446,G,446,T,-0.1322
92,G446V,G446,G,446,V,-0.123
93,G446W,G446,G,446,W,-0.1805
94,G446Y,G446,G,446,Y,-0.2242
95,R447A,R447,R,447,A,-0.1196
96,R447C,R447,R,447,C,-0.1056
97,R447D,R447,R,447,D,-0.1588
98,R447E,R447,R,447,E,-0.1229
99,R447F,R447,R,447,F,-0.1663
100,R447G,R447,R,447,G,-0.0849
101,R447H,R447,R,447,H,-0.0798
102,R447I,R447,R,447,I,-0.0945
103,R447K,R447,R,447,K,-0.0792
104,R447L,R447,R,447,L,-0.0887
105,R447M,R447,R,447,M,-0.1163
106,R447N,R447,R,447,N,-0.1547
107,R447P,R447,R,447,P,-0.094
108,R447Q,R447,R,447,Q,-0.0753
109,R447S,R447,R,447,S,-0.1213
110,R447T,R447,R,447,T,-0.0908
111,R447V,R447,R,447,V,-0.1248
112,R447W,R447,R,447,W,-0.0942
113,R447Y,R447,R,447,Y,-0.132
114,P448A,P448,P,448,A,-0.0825
115,P448C,P448,P,448,C,-0.2299
116,P448D,P448,P,448,D,-0.1706
117,P448E,P448,P,448,E,-0.1316
118,P448F,P448,P,448,F,-0.1946
119,P448G,P448,P,448,G,-0.1489
120,P448H,P448,P,448,H,-0.095
121,P448I,P448,P,448,I,-0.1607
122,P448K,P448,P,448,K,-0.1397
123,P448L,P448,P,448,L,-0.0895
124,P448M,P448,P,448,M,-0.2055
125,P448N,P448,P,448,N,-0.1573
126,P448Q,P448,P,448,Q,-0.0837
127,P448R,P448,P,448,R,-0.0853
128,P448S,P448,P,448,S,-0.0859
129,P448T,P448,P,448,T,-0.0826
130,P448V,P448,P,448,V,-0.1276
131,P448W,P448,P,448,W,-0.2283
132,P448Y,P448,P,448,Y,-0.1578
133,L449A,L449,L,449,A,-0.069
134,L449C,L449,L,449,C,-0.1612
135,L449D,L449,L,449,D,-0.1696
136,L449E,L449,L,449,E,-0.1144
137,L449F,L449,L,449,F,-0.0681
138,L449G,L449,L,449,G,-0.1382
139,L449H,L449,L,449,H,-0.0846
140,L449I,L449,L,449,I,-0.0718
141,L449K,L449,L,449,K,-0.1059
142,L449M,L449,L,449,M,-0.0906
143,L449N,L449,L,449,N,-0.1177
144,L449P,L449,L,449,P,-0.0575
145,L449Q,L449,L,449,Q,-0.0701
146,L449R,L449,L,449,R,-0.071
147,L449S,L449,L,449,S,-0.0641
148,L449T,L449,L,449,T,-0.0725
149,L449V,L449,L,449,V,-0.0639
150,L449W,L449,L,449,W,-0.0816
151,L449Y,L449,L,449,Y,-0.1276
152,V450A,V450,V,450,A,-0.1891
153,V450C,V450,V,450,C,-0.4297
154,V450D,V450,V,450,D,-0.2739
155,V450E,V450,V,450,E,-0.2393
156,V450F,V450,V,450,F,-0.1112
157,V450G,V450,V,450,G,-0.1557
158,V450H,V450,V,450,H,-0.3805
159,V450I,V450,V,450,I,-0.085
160,V450K,V450,V,450,K,-0.2547
161,V450L,V450,V,450,L,-0.1205
162,V450M,V450,V,450,M,-0.1484
163,V450N,V450,V,450,N,-0.2572
164,V450P,V450,V,450,P,-0.2177
165,V450Q,V450,V,450,Q,-0.2263
166,V450R,V450,V,450,R,-0.1769
167,V450S,V450,V,450,S,-0.219
168,V450T,V450,V,450,T,-0.2293
169,V450W,V450,V,450,W,-0.3948
170,V450Y,V450,V,450,Y,-0.3071
171,N451A,N451,N,451,A,-0.1239
172,N451C,N451,N,451,C,-0.1703
173,N451D,N451,N,451,D,-0.0948
174,N451E,N451,N,451,E,-0.1757
175,N451F,N451,N,451,F,-0.2953
176,N451G,N451,N,451,G,-0.1701
177,N451H,N451,N,451,H,-0.0832
178,N451I,N451,N,451,I,-0.1467
179,N451K,N451,N,451,K,-0.1497
180,N451L,N451,N,451,L,-0.163
181,N451M,N451,N,451,M,-0.2094
182,N451P,N451,N,451,P,-0.1816
183,N451Q,N451,N,451,Q,-0.1735
184,N451R,N451,N,451,R,-0.1388
185,N451S,N451,N,451,S,-0.0748
186,N451T,N451,N,451,T,-0.0757
187,N451V,N451,N,451,V,-0.1448
188,N451W,N451,N,451,W,-0.4007
189,N451Y,N451,N,451,Y,-0.1023
190,I452A,I452,I,452,A,-0.4611
191,I452C,I452,I,452,C,-0.5081
192,I452D,I452,I,452,D,-0.6781
193,I452E,I452,I,452,E,-0.6443
194,I452F,I452,I,452,F,-0.115
195,I452G,I452,I,452,G,-0.603
196,I452H,I452,I,452,H,-0.4648
197,I452K,I452,I,452,K,-0.4898
198,I452L,I452,I,452,L,-0.0897
199,I452M,I452,I,452,M,-0.1243
200,I452N,I452,I,452,N,-0.3252
201,I452P,I452,I,452,P,-0.5832
202,I452Q,I452,I,452,Q,-0.4822
203,I452R,I452,I,452,R,-0.3471
204,I452S,I452,I,452,S,-0.4052
205,I452T,I452,I,452,T,-0.388
206,I452V,I452,I,452,V,-0.1089
207,I452W,I452,I,452,W,-0.4704
208,I452Y,I452,I,452,Y,-0.3368
209,Y453A,Y453,Y,453,A,-0.1789
210,Y453C,Y453,Y,453,C,-0.0806
211,Y453D,Y453,Y,453,D,-0.0959
212,Y453E,Y453,Y,453,E,-0.212
213,Y453F,Y453,Y,453,F,-0.0903
214,Y453G,Y453,Y,453,G,-0.1203
215,Y453H,Y453,Y,453,H,-0.0846
216,Y453I,Y453,Y,453,I,-0.1818
217,Y453K,Y453,Y,453,K,-0.1589
218,Y453L,Y453,Y,453,L,-0.1905
219,Y453M,Y453,Y,453,M,-0.3004
220,Y453N,Y453,Y,453,N,-0.0721
221,Y453P,Y453,Y,453,P,-0.2825
222,Y453Q,Y453,Y,453,Q,-0.1392
223,Y453R,Y453,Y,453,R,-0.098
224,Y453S,Y453,Y,453,S,-0.079
225,Y453T,Y453,Y,453,T,-0.1454
226,Y453V,Y453,Y,453,V,-0.1596
227,Y453W,Y453,Y,453,W,-0.1695
228,N454A,N454,N,454,A,-0.221
229,N454C,N454,N,454,C,-0.2229
230,N454D,N454,N,454,D,-0.09
231,N454E,N454,N,454,E,-0.278
232,N454F,N454,N,454,F,-0.4088
233,N454G,N454,N,454,G,-0.1858
234,N454H,N454,N,454,H,-0.0932
235,N454I,N454,N,454,I,-0.2779
236,N454K,N454,N,454,K,-0.2475
237,N454L,N454,N,454,L,-0.2342
238,N454M,N454,N,454,M,-0.3935
239,N454P,N454,N,454,P,-0.3649
240,N454Q,N454,N,454,Q,-0.2365
241,N454R,N454,N,454,R,-0.2003
242,N454S,N454,N,454,S,-0.094
243,N454T,N454,N,454,T,-0.1667
244,N454V,N454,N,454,V,-0.2815
245,N454W,N454,N,454,W,-0.5266
246,N454Y,N454,N,454,Y,-0.1216
247,C455A,C455,C,455,A,-0.314
248,C455D,C455,C,455,D,-0.6778
249,C455E,C455,C,455,E,-0.831
250,C455F,C455,C,455,F,-0.3185
251,C455G,C455,C,455,G,-0.1962
252,C455H,C455,C,455,H,-0.5913
253,C455I,C455,C,455,I,-0.4438
254,C455K,C455,C,455,K,-0.8527
255,C455L,C455,C,455,L,-0.4949
256,C455M,C455,C,455,M,-0.6669
257,C455N,C455,C,455,N,-0.5384
258,C455P,C455,C,455,P,-0.7922
259,C455Q,C455,C,455,Q,-0.7003
260,C455R,C455,C,455,R,-0.5562
261,C455S,C455,C,455,S,-0.1958
262,C455T,C455,C,455,T,-0.356
263,C455V,C455,C,455,V,-0.3616
264,C455W,C455,C,455,W,-0.5863
265,C455Y,C455,C,455,Y,-0.3759
266,S456A,S456,S,456,A,-0.0867
267,S456C,S456,S,456,C,-0.0889
268,S456D,S456,S,456,D,-0.2256
269,S456E,S456,S,456,E,-0.2345
270,S456F,S456,S,456,F,-0.1454
271,S456G,S456,S,456,G,-0.0915
272,S456H,S456,S,456,H,-0.1587
273,S456I,S456,S,456,I,-0.1386
274,S456K,S456,S,456,K,-0.2702
275,S456L,S456,S,456,L,-0.1103
276,S456M,S456,S,456,M,-0.2054
277,S456N,S456,S,456,N,-0.1272
278,S456P,S456,S,456,P,-0.1484
279,S456Q,S456,S,456,Q,-0.212
280,S456R,S456,S,456,R,-0.1932
281,S456T,S456,S,456,T,-0.0818
282,S456V,S456,S,456,V,-0.1487
283,S456W,S456,S,456,W,-0.1645
284,S456Y,S456,S,456,Y,-0.1222
285,G457A,G457,G,457,A,-0.092
286,G457C,G457,G,457,C,-0.174
287,G457D,G457,G,457,D,-0.3223
288,G457E,G457,G,457,E,-0.2515
289,G457F,G457,G,457,F,-0.3901
290,G457H,G457,G,457,H,-0.3728
291,G457I,G457,G,457,I,-0.2771
292,G457K,G457,G,457,K,-0.4019
293,G457L,G457,G,457,L,-0.3674
294,G457M,G457,G,457,M,-0.3656
295,G457N,G457,G,457,N,-0.4054
296,G457P,G457,G,457,P,-0.834
297,G457Q,G457,G,457,Q,-0.2989
298,G457R,G457,G,457,R,-0.2515
299,G457S,G457,G,457,S,-0.135
300,G457T,G457,G,457,T,-0.1856
301,G457V,G457,G,457,V,-0.1916
302,G457W,G457,G,457,W,-0.2405
303,G457Y,G457,G,457,Y,-0.3016
304,V458A,V458,V,458,A,-0.4155
305,V458C,V458,V,458,C,-0.6761
306,V458D,V458,V,458,D,-0.7255
307,V458E,V458,V,458,E,-0.5721
308,V458F,V458,V,458,F,-0.1412
309,V458G,V458,V,458,G,-0.4035
310,V458H,V458,V,458,H,-0.7571
311,V458I,V458,V,458,I,-0.0832
312,V458K,V458,V,458,K,-0.5932
313,V458L,V458,V,458,L,-0.2299
314,V458M,V458,V,458,M,-0.215
315,V458N,V458,V,458,N,-0.6281
316,V458P,V458,V,458,P,-0.8581
317,V458Q,V458,V,458,Q,-0.5644
318,V458R,V458,V,458,R,-0.4863
319,V458S,V458,V,458,S,-0.5444
320,V458T,V458,V,458,T,-0.4953
321,V458W,V458,V,458,W,-0.6912
322,V458Y,V458,V,458,Y,-0.5078
323,Q459A,Q459,Q,459,A,-0.4533
324,Q459C,Q459,Q,459,C,-0.9164
325,Q459D,Q459,Q,459,D,-0.855
326,Q459E,Q459,Q,459,E,-0.1929
327,Q459F,Q459,Q,459,F,-0.85
328,Q459G,Q459,Q,459,G,-0.6489
329,Q459H,Q459,Q,459,H,-0.7671
330,Q459I,Q459,Q,459,I,-0.5394
331,Q459K,Q459,Q,459,K,-0.4026
332,Q459L,Q459,Q,459,L,-0.3638
333,Q459M,Q459,Q,459,M,-0.5255
334,Q459N,Q459,Q,459,N,-0.7498
335,Q459P,Q459,Q,459,P,-0.5043
336,Q459R,Q459,Q,459,R,-0.4037
337,Q459S,Q459,Q,459,S,-0.5866
338,Q459T,Q459,Q,459,T,-0.5456
339,Q459V,Q459,Q,459,V,-0.4359
340,Q459W,Q459,Q,459,W,-0.8973
341,Q459Y,Q459,Q,459,Y,-0.8659
342,V460A,V460,V,460,A,-0.1901
343,V460C,V460,V,460,C,-0.542
344,V460D,V460,V,460,D,-0.3664
345,V460E,V460,V,460,E,-0.3219
346,V460F,V460,V,460,F,-0.1085
347,V460G,V460,V,460,G,-0.2476
348,V460H,V460,V,460,H,-0.4699
349,V460I,V460,V,460,I,-0.0731
350,V460K,V460,V,460,K,-0.3456
351,V460L,V460,V,460,L,-0.1752
352,V460M,V460,V,460,M,-0.1754
353,V460N,V460,V,460,N,-0.3376
354,V460P,V460,V,460,P,-0.6197
355,V460Q,V460,V,460,Q,-0.3761
356,V460R,V460,V,460,R,-0.2548
357,V460S,V460,V,460,S,-0.2542
358,V460T,V460,V,460,T,-0.1925
359,V460W,V460,V,460,W,-0.4893
360,V460Y,V460,V,460,Y,-0.3442
361,G461A,G461,G,461,A,-0.4876
362,G461C,G461,G,461,C,-0.5968
363,G461D,G461,G,461,D,-0.6805
364,G461E,G461,G,461,E,-0.7111
365,G461F,G461,G,461,F,-0.8518
366,G461H,G461,G,461,H,-0.8595
367,G461I,G461,G,461,I,-0.8476
368,G461K,G461,G,461,K,-0.8212
369,G461L,G461,G,461,L,-0.8625
370,G461M,G461,G,461,M,-0.8993
371,G461N,G461,G,461,N,-0.8199
372,G461P,G461,G,461,P,-0.9594
373,G461Q,G461,G,461,Q,-0.7915
374,G461R,G461,G,461,R,-0.6602
375,G461S,G461,G,461,S,-0.4172
376,G461T,G461,G,461,T,-0.7108
377,G461V,G461,G,461,V,-0.7525
378,G461W,G461,G,461,W,-0.7281
379,G461Y,G461,G,461,Y,-0.82
380,D462A,D462,D,462,A,-0.1664
381,D462C,D462,D,462,C,-0.3144
382,D462E,D462,D,462,E,-0.1809
383,D462F,D462,D,462,F,-0.3696
384,D462G,D462,D,462,G,-0.1523
385,D462H,D462,D,462,H,-0.1481
386,D462I,D462,D,462,I,-0.2704
387,D462K,D462,D,462,K,-0.1919
388,D462L,D462,D,462,L,-0.3097
389,D462M,D462,D,462,M,-0.4693
390,D462N,D462,D,462,N,-0.0699
391,D462P,D462,D,462,P,-0.474
392,D462Q,D462,D,462,Q,-0.2095
393,D462R,D462,D,462,R,-0.2016
394,D462S,D462,D,462,S,-0.1062
395,D462T,D462,D,462,T,-0.1811
396,D462V,D462,D,462,V,-0.2048
397,D462W,D462,D,462,W,-0.6101
398,D462Y,D462,D,462,Y,-0.1269
399,N463A,N463,N,463,A,-0.3168
400,N463C,N463,N,463,C,-0.1962
401,N463D,N463,N,463,D,-0.138
402,N463E,N463,N,463,E,-0.3439
403,N463F,N463,N,463,F,-0.3308
404,N463G,N463,N,463,G,-0.2642
405,N463H,N463,N,463,H,-0.0816
406,N463I,N463,N,463,I,-0.3393
407,N463K,N463,N,463,K,-0.2545
408,N463L,N463,N,463,L,-0.312
409,N463M,N463,N,463,M,-0.4034
410,N463P,N463,N,463,P,-0.7388
411,N463Q,N463,N,463,Q,-0.2682
412,N463R,N463,N,463,R,-0.2031
413,N463S,N463,N,463,S,-0.119
414,N463T,N463,N,463,T,-0.2171
415,N463V,N463,N,463,V,-0.3463
416,N463W,N463,N,463,W,-0.4992
417,N463Y,N463,N,463,Y,-0.0985
418,N464A,N464,N,464,A,-0.7664
419,N464C,N464,N,464,C,-0.5106
420,N464D,N464,N,464,D,-0.6033
421,N464E,N464,N,464,E,-0.8666
422,N464F,N464,N,464,F,-0.8782
423,N464G,N464,N,464,G,-0.7309
424,N464H,N464,N,464,H,-0.4676
425,N464I,N464,N,464,I,-0.5995
426,N464K,N464,N,464,K,-0.8469
427,N464L,N464,N,464,L,-0.6443
428,N464M,N464,N,464,M,-0.7917
429,N464P,N464,N,464,P,-0.8592
430,N464Q,N464,N,464,Q,-0.8163
431,N464R,N464,N,464,R,-0.7576
432,N464S,N464,N,464,S,-0.3109
433,N464T,N464,N,464,T,-0.523
434,N464V,N464,N,464,V,-0.614
435,N464W,N464,N,464,W,-0.9325
436,N464Y,N464,N,464,Y,-0.4652
437,Y465A,Y465,Y,465,A,-0.2446
438,Y465C,Y465,Y,465,C,-0.0882
439,Y465D,Y465,Y,465,D,-0.1582
440,Y465E,Y465,Y,465,E,-0.3326
441,Y465F,Y465,Y,465,F,-0.0813
442,Y465G,Y465,Y,465,G,-0.2514
443,Y465H,Y465,Y,465,H,-0.1057
444,Y465I,Y465,Y,465,I,-0.1785
445,Y465K,Y465,Y,465,K,-0.2699
446,Y465L,Y465,Y,465,L,-0.2502
447,Y465M,Y465,Y,465,M,-0.3571
448,Y465N,Y465,Y,465,N,-0.1238
449,Y465P,Y465,Y,465,P,-0.6457
450,Y465Q,Y465,Y,465,Q,-0.2427
451,Y465R,Y465,Y,465,R,-0.1711
452,Y465S,Y465,Y,465,S,-0.1183
453,Y465T,Y465,Y,465,T,-0.1708
454,Y465V,Y465,Y,465,V,-0.1461
455,Y465W,Y465,Y,465,W,-0.2875
456,L466A,L466,L,466,A,-0.515
457,L466C,L466,L,466,C,-0.5484
458,L466D,L466,L,466,D,-0.9
459,L466E,L466,L,466,E,-0.6306
460,L466F,L466,L,466,F,-0.1658
461,L466G,L466,L,466,G,-0.724
462,L466H,L466,L,466,H,-0.4628
463,L466I,L466,L,466,I,-0.152
464,L466K,L466,L,466,K,-0.4377
465,L466M,L466,L,466,M,-0.095
466,L466N,L466,L,466,N,-0.7375
467,L466P,L466,L,466,P,-0.6814
468,L466Q,L466,L,466,Q,-0.3088
469,L466R,L466,L,466,R,-0.3424
470,L466S,L466,L,466,S,-0.6247
471,L466T,L466,L,466,T,-0.5436
472,L466V,L466,L,466,V,-0.146
473,L466W,L466,L,466,W,-0.318
474,L466Y,L466,L,466,Y,-0.4424
475,T467A,T467,T,467,A,-0.0761
476,T467C,T467,T,467,C,-0.225
477,T467D,T467,T,467,D,-0.2081
478,T467E,T467,T,467,E,-0.1575
479,T467F,T467,T,467,F,-0.1221
480,T467G,T467,T,467,G,-0.1737
481,T467H,T467,T,467,H,-0.1275
482,T467I,T467,T,467,I,-0.0906
483,T467K,T467,T,467,K,-0.1072
484,T467L,T467,T,467,L,-0.0738
485,T467M,T467,T,467,M,-0.0872
486,T467N,T467,T,467,N,-0.0931
487,T467P,T467,T,467,P,-0.1084
488,T467Q,T467,T,467,Q,-0.1332
489,T467R,T467,T,467,R,-0.0836
490,T467S,T467,T,467,S,-0.1011
491,T467V,T467,T,467,V,-0.093
492,T467W,T467,T,467,W,-0.2729
493,T467Y,T467,T,467,Y,-0.1244
494,M468A,M468,M,468,A,-0.3108
495,M468C,M468,M,468,C,-0.5118
496,M468D,M468,M,468,D,-0.6314
497,M468E,M468,M,468,E,-0.3736
498,M468F,M468,M,468,F,-0.179
499,M468G,M468,M,468,G,-0.4491
500,M468H,M468,M,468,H,-0.3755
501,M468I,M468,M,468,I,-0.1488
502,M468K,M468,M,468,K,-0.2034
503,M468L,M468,M,468,L,-0.1186
504,M468N,M468,M,468,N,-0.4181
505,M468P,M468,M,468,P,-0.3839
506,M468Q,M468,M,468,Q,-0.2191
507,M468R,M468,M,468,R,-0.1621
508,M468S,M468,M,468,S,-0.3483
509,M468T,M468,M,468,T,-0.2096
510,M468V,M468,M,468,V,-0.0685
511,M468W,M468,M,468,W,-0.4031
512,M468Y,M468,M,468,Y,-0.3621
513,Q469A,Q469,Q,469,A,-0.1328
514,Q469C,Q469,Q,469,C,-0.3677
515,Q469D,Q469,Q,469,D,-0.199
516,Q469E,Q469,Q,469,E,-0.0786
517,Q469F,Q469,Q,469,F,-0.3524
518,Q469G,Q469,Q,469,G,-0.1401
519,Q469H,Q469,Q,469,H,-0.1369
520,Q469I,Q469,Q,469,I,-0.2131
521,Q469K,Q469,Q,469,K,-0.0888
522,Q469L,Q469,Q,469,L,-0.0952
523,Q469M,Q469,Q,469,M,-0.2399
524,Q469N,Q469,Q,469,N,-0.1814
525,Q469P,Q469,Q,469,P,-0.07
526,Q469R,Q469,Q,469,R,-0.0823
527,Q469S,Q469,Q,469,S,-0.1384
528,Q469T,Q469,Q,469,T,-0.1286
529,Q469V,Q469,Q,469,V,-0.1473
530,Q469W,Q469,Q,469,W,-0.2465
531,Q469Y,Q469,Q,469,Y,-0.2367
532,Q470A,Q470,Q,470,A,-0.1059
533,Q470C,Q470,Q,470,C,-0.3405
534,Q470D,Q470,Q,470,D,-0.1384
535,Q470E,Q470,Q,470,E,-0.0666
536,Q470F,Q470,Q,470,F,-0.3745
537,Q470G,Q470,Q,470,G,-0.0981
538,Q470H,Q470,Q,470,H,-0.1288
539,Q470I,Q470,Q,470,I,-0.2359
540,Q470K,Q470,Q,470,K,-0.0748
541,Q470L,Q470,Q,470,L,-0.1109
542,Q470M,Q470,Q,470,M,-0.2337
543,Q470N,Q470,Q,470,N,-0.142
544,Q470P,Q470,Q,470,P,-0.0641
545,Q470R,Q470,Q,470,R,-0.0756
546,Q470S,Q470,Q,470,S,-0.1172
547,Q470T,Q470,Q,470,T,-0.111
548,Q470V,Q470,Q,470,V,-0.1493
549,Q470W,Q470,Q,470,W,-0.2402
550,Q470Y,Q470,Q,470,Y,-0.2177
551,T471A,T471,T,471,A,-0.0664
552,T471C,T471,T,471,C,-0.253
553,T471D,T471,T,471,D,-0.1362
554,T471E,T471,T,471,E,-0.102
555,T471F,T471,T,471,F,-0.1569
556,T471G,T471,T,471,G,-0.0954
557,T471H,T471,T,471,H,-0.1109
558,T471I,T471,T,471,I,-0.1248
559,T471K,T471,T,471,K,-0.0689
560,T471L,T471,T,471,L,-0.0927
561,T471M,T471,T,471,M,-0.0891
562,T471N,T471,T,471,N,-0.0735
563,T471P,T471,T,471,P,-0.0601
564,T471Q,T471,T,471,Q,-0.0873
565,T471R,T471,T,471,R,-0.0532
566,T471S,T471,T,471,S,-0.0876
567,T471V,T471,T,471,V,-0.1102
568,T471W,T471,T,471,W,-0.2187
569,T471Y,T471,T,471,Y,-0.127
570,T472A,T472,T,472,A,-0.0662
571,T472C,T472,T,472,C,-0.3251
572,T472D,T472,T,472,D,-0.1861
573,T472E,T472,T,472,E,-0.1525
574,T472F,T472,T,472,F,-0.1911
575,T472G,T472,T,472,G,-0.1492
576,T472H,T472,T,472,H,-0.1607
577,T472I,T472,T,472,I,-0.1471
578,T472K,T472,T,472,K,-0.1142
579,T472L,T472,T,472,L,-0.1059
580,T472M,T472,T,472,M,-0.0928
581,T472N,T472,T,472,N,-0.1098
582,T472P,T472,T,472,P,-0.0708
583,T472Q,T472,T,472,Q,-0.1414
584,T472R,T472,T,472,R,-0.0859
585,T472S,T472,T,472,S,-0.1036
586,T472V,T472,T,472,V,-0.1223
587,T472W,T472,T,472,W,-0.3349
588,T472Y,T472,T,472,Y,-0.1919
589,A473C,A473,A,473,C,-0.2849
590,A473D,A473,A,473,D,-0.1233
591,A473E,A473,A,473,E,-0.1421
592,A473F,A473,A,473,F,-0.1698
593,A473G,A473,A,473,G,-0.0997
594,A473H,A473,A,473,H,-0.2165
595,A473I,A473,A,473,I,-0.1485
596,A473K,A473,A,473,K,-0.2035
597,A473L,A473,A,473,L,-0.1161
598,A473M,A473,A,473,M,-0.1704
599,A473N,A473,A,473,N,-0.1516
600,A473P,A473,A,473,P,-0.0836
601,A473Q,A473,A,473,Q,-0.1794
602,A473R,A473,A,473,R,-0.1578
603,A473S,A473,A,473,S,-0.082
604,A473T,A473,A,473,T,-0.0738
605,A473V,A473,A,473,V,-0.0906
606,A473W,A473,A,473,W,-0.3573
607,A473Y,A473,A,473,Y,-0.2121
608,L474A,L474,L,474,A,-0.1005
609,L474C,L474,L,474,C,-0.2253
610,L474D,L474,L,474,D,-0.218
611,L474E,L474,L,474,E,-0.1369
612,L474F,L474,L,474,F,-0.0696
613,L474G,L474,L,474,G,-0.1688
614,L474H,L474,L,474,H,-0.0928
615,L474I,L474,L,474,I,-0.0815
616,L474K,L474,L,474,K,-0.1197
617,L474M,L474,L,474,M,-0.1012
618,L474N,L474,L,474,N,-0.153
619,L474P,L474,L,474,P,-0.0651
620,L474Q,L474,L,474,Q,-0.0755
621,L474R,L474,L,474,R,-0.0773
622,L474S,L474,L,474,S,-0.0935
623,L474T,L474,L,474,T,-0.1054
624,L474V,L474,L,474,V,-0.0754
625,L474W,L474,L,474,W,-0.0883
626,L474Y,L474,L,474,Y,-0.1424
627,P475A,P475,P,475,A,-0.0753
628,P475C,P475,P,475,C,-0.256
629,P475D,P475,P,475,D,-0.2023
630,P475E,P475,P,475,E,-0.1487
631,P475F,P475,P,475,F,-0.2556
632,P475G,P475,P,475,G,-0.1579
633,P475H,P475,P,475,H,-0.1054
634,P475I,P475,P,475,I,-0.2329
635,P475K,P475,P,475,K,-0.1549
636,P475L,P475,P,475,L,-0.1069
637,P475M,P475,P,475,M,-0.2389
638,P475N,P475,P,475,N,-0.1908
639,P475Q,P475,P,475,Q,-0.0954
640,P475R,P475,P,475,R,-0.0918
641,P475S,P475,P,475,S,-0.0854
642,P475T,P475,P,475,T,-0.0853
643,P475V,P475,P,475,V,-0.1585
644,P475W,P475,P,475,W,-0.2879
645,P475Y,P475,P,475,Y,-0.213
