,variant,score,pos,WT_AA,Mut,residue
8820,N442K,-4.02,442,N,K,N442
8821,N442R,-3.289,442,N,R,N442
8822,N442H,-3.48,442,N,H,N442
8823,N442E,-3.461,442,N,E,N442
8824,N442D,-2.316,442,N,D,N442
8825,N442N,0.0,442,N,N,N442
8826,N442Q,-3.09,442,N,Q,N442
8827,N442T,-2.961,442,N,T,N442
8828,N442S,-2.123,442,N,S,N442
8829,N442C,-3.848,442,N,C,N442
8830,N442G,-2.863,442,N,G,N442
8831,N442A,-2.476,442,N,A,N442
8832,N442V,-2.857,442,N,V,N442
8833,N442L,-2.604,442,N,L,N442
8834,N442I,-3.918,442,N,I,N442
8835,N442M,-4.621,442,N,M,N442
8836,N442P,-1.723,442,N,P,N442
8837,N442Y,-5.151,442,N,Y,N442
8838,N442F,-4.219,442,N,F,N442
8839,N442W,-4.84,442,N,W,N442
8840,P443K,-5.661,443,P,K,P443
8841,P443R,-5.156,443,P,R,P443
8842,P443H,-6.259,443,P,H,P443
8843,P443E,-6.148,443,P,E,P443
8844,P443D,-6.419,443,P,D,P443
8845,P443N,-6.331,443,P,N,P443
8846,P443Q,-4.877,443,P,Q,P443
8847,P443T,-4.944,443,P,T,P443
8848,P443S,-4.562,443,P,S,P443
8849,P443C,-7.122,443,P,C,P443
8850,P443G,-5.337,443,P,G,P443
8851,P443A,-5.113,443,P,A,P443
8852,P443V,-5.55,443,P,V,P443
8853,P443L,-4.759,443,P,L,P443
8854,P443I,-6.489,443,P,I,P443
8855,P443M,-6.311,443,P,M,P443
8856,P443P,0.0,443,P,P,P443
8857,P443Y,-6.877,443,P,Y,P443
8858,P443F,-6.154,443,P,F,P443
8859,P443W,-6.378,443,P,W,P443
8860,V444K,-4.216,444,V,K,V444
8861,V444R,-3.838,444,V,R,V444
8862,V444H,-4.785,444,V,H,V444
8863,V444E,-3.96,444,V,E,V444
8864,V444D,-4.769,444,V,D,V444
8865,V444N,-4.643,444,V,N,V444
8866,V444Q,-3.64,444,V,Q,V444
8867,V444T,-3.944,444,V,T,V444
8868,V444S,-3.225,444,V,S,V444
8869,V444C,-5.675,444,V,C,V444
8870,V444G,-3.913,444,V,G,V444
8871,V444A,-3.071,444,V,A,V444
8872,V444V,0.0,444,V,V,V444
8873,V444L,-3.133,444,V,L,V444
8874,V444I,-4.469,444,V,I,V444
8875,V444M,-5.13,444,V,M,V444
8876,V444P,-3.985,444,V,P,V444
8877,V444Y,-5.142,444,V,Y,V444
8878,V444F,-4.592,444,V,F,V444
8879,V444W,-5.286,444,V,W,V444
8880,T445K,-5.954,445,T,K,T445
8881,T445R,-5.825,445,T,R,T445
8882,T445H,-6.004,445,T,H,T445
8883,T445E,-5.459,445,T,E,T445
8884,T445D,-4.904,445,T,D,T445
8885,T445N,-5.323,445,T,N,T445
8886,T445Q,-4.997,445,T,Q,T445
8887,T445T,0.0,445,T,T,T445
8888,T445S,-3.995,445,T,S,T445
8889,T445C,-6.488,445,T,C,T445
8890,T445G,-5.073,445,T,G,T445
8891,T445A,-5.004,445,T,A,T445
8892,T445V,-5.543,445,T,V,T445
8893,T445L,-4.362,445,T,L,T445
8894,T445I,-6.442,445,T,I,T445
8895,T445M,-5.929,445,T,M,T445
8896,T445P,-4.209,445,T,P,T445
8897,T445Y,-6.216,445,T,Y,T445
8898,T445F,-5.799,445,T,F,T445
8899,T445W,-6.465,445,T,W,T445
8900,G446K,-4.394,446,G,K,G446
8901,G446R,-4.029,446,G,R,G446
8902,G446H,-5.154,446,G,H,G446
8903,G446E,-5.678,446,G,E,G446
8904,G446D,-6.621,446,G,D,G446
8905,G446N,-5.254,446,G,N,G446
8906,G446Q,-3.665,446,G,Q,G446
8907,G446T,-6.051,446,G,T,G446
8908,G446S,-4.735,446,G,S,G446
8909,G446C,-6.787,446,G,C,G446
8910,G446G,0.0,446,G,G,G446
8911,G446A,-5.721,446,G,A,G446
8912,G446V,-6.875,446,G,V,G446
8913,G446L,-5.879,446,G,L,G446
8914,G446I,-8.037,446,G,I,G446
8915,G446M,-7.148,446,G,M,G446
8916,G446P,-4.435,446,G,P,G446
8917,G446Y,-7.429,446,G,Y,G446
8918,G446F,-7.454,446,G,F,G446
8919,G446W,-7.762,446,G,W,G446
8920,R447K,-3.612,447,R,K,R447
8921,R447R,0.0,447,R,R,R447
8922,R447H,-4.554,447,R,H,R447
8923,R447E,-4.403,447,R,E,R447
8924,R447D,-5.397,447,R,D,R447
8925,R447N,-4.864,447,R,N,R447
8926,R447Q,-3.381,447,R,Q,R447
8927,R447T,-4.336,447,R,T,R447
8928,R447S,-3.968,447,R,S,R447
8929,R447C,-5.586,447,R,C,R447
8930,R447G,-2.835,447,R,G,R447
8931,R447A,-3.304,447,R,A,R447
8932,R447V,-4.256,447,R,V,R447
8933,R447L,-4.26,447,R,L,R447
8934,R447I,-5.081,447,R,I,R447
8935,R447M,-5.523,447,R,M,R447
8936,R447P,-4.788,447,R,P,R447
8937,R447Y,-6.264,447,R,Y,R447
8938,R447F,-5.706,447,R,F,R447
8939,R447W,-6.867,447,R,W,R447
8940,P448K,-4.002,448,P,K,P448
8941,P448R,-4.099,448,P,R,P448
8942,P448H,-4.983,448,P,H,P448
8943,P448E,-5.502,448,P,E,P448
8944,P448D,-6.069,448,P,D,P448
8945,P448N,-4.484,448,P,N,P448
8946,P448Q,-4.191,448,P,Q,P448
8947,P448T,-3.952,448,P,T,P448
8948,P448S,-4.653,448,P,S,P448
8949,P448C,-6.649,448,P,C,P448
8950,P448G,-5.601,448,P,G,P448
8951,P448A,-5.033,448,P,A,P448
8952,P448V,-4.952,448,P,V,P448
8953,P448L,-5.566,448,P,L,P448
8954,P448I,-5.699,448,P,I,P448
8955,P448M,-6.084,448,P,M,P448
8956,P448P,0.0,448,P,P,P448
8957,P448Y,-6.675,448,P,Y,P448
8958,P448F,-6.798,448,P,F,P448
8959,P448W,-8.194,448,P,W,P448
8960,L449K,-6.008,449,L,K,L449
8961,L449R,-5.545,449,L,R,L449
8962,L449H,-6.17,449,L,H,L449
8963,L449E,-6.25,449,L,E,L449
8964,L449D,-7.21,449,L,D,L449
8965,L449N,-6.329,449,L,N,L449
8966,L449Q,-5.191,449,L,Q,L449
8967,L449T,-4.325,449,L,T,L449
8968,L449S,-5.14,449,L,S,L449
8969,L449C,-6.1,449,L,C,L449
8970,L449G,-6.173,449,L,G,L449
8971,L449A,-4.716,449,L,A,L449
8972,L449V,-3.053,449,L,V,L449
8973,L449L,0.0,449,L,L,L449
8974,L449I,-3.634,449,L,I,L449
8975,L449M,-4.509,449,L,M,L449
8976,L449P,-7.185,449,L,P,L449
8977,L449Y,-6.089,449,L,Y,L449
8978,L449F,-4.577,449,L,F,L449
8979,L449W,-6.426,449,L,W,L449
8980,V450K,-5.849,450,V,K,V450
8981,V450R,-5.591,450,V,R,V450
8982,V450H,-6.124,450,V,H,V450
8983,V450E,-6.59,450,V,E,V450
8984,V450D,-8.068,450,V,D,V450
8985,V450N,-6.815,450,V,N,V450
8986,V450Q,-4.203,450,V,Q,V450
8987,V450T,-5.268,450,V,T,V450
8988,V450S,-6.342,450,V,S,V450
8989,V450C,-6.757,450,V,C,V450
8990,V450G,-7.439,450,V,G,V450
8991,V450A,-5.798,450,V,A,V450
8992,V450V,0.0,450,V,V,V450
8993,V450L,-4.615,450,V,L,V450
8994,V450I,-3.83,450,V,I,V450
8995,V450M,-5.425,450,V,M,V450
8996,V450P,-7.424,450,V,P,V450
8997,V450Y,-5.577,450,V,Y,V450
8998,V450F,-4.952,450,V,F,V450
8999,V450W,-6.061,450,V,W,V450
9000,N451K,-5.079,451,N,K,N451
9001,N451R,-5.696,451,N,R,N451
9002,N451H,-4.488,451,N,H,N451
9003,N451E,-6.532,451,N,E,N451
9004,N451D,-5.293,451,N,D,N451
9005,N451N,0.0,451,N,N,N451
9006,N451Q,-4.488,451,N,Q,N451
9007,N451T,-3.796,451,N,T,N451
9008,N451S,-4.301,451,N,S,N451
9009,N451C,-5.89,451,N,C,N451
9010,N451G,-5.808,451,N,G,N451
9011,N451A,-4.968,451,N,A,N451
9012,N451V,-4.034,451,N,V,N451
9013,N451L,-4.225,451,N,L,N451
9014,N451I,-3.856,451,N,I,N451
9015,N451M,-4.831,451,N,M,N451
9016,N451P,-6.922,451,N,P,N451
9017,N451Y,-4.81,451,N,Y,N451
9018,N451F,-3.251,451,N,F,N451
9019,N451W,-6.891,451,N,W,N451
9020,I452K,-9.026,452,I,K,I452
9021,I452R,-9.036,452,I,R,I452
9022,I452H,-7.445,452,I,H,I452
9023,I452E,-9.456,452,I,E,I452
9024,I452D,-9.642,452,I,D,I452
9025,I452N,-6.198,452,I,N,I452
9026,I452Q,-6.488,452,I,Q,I452
9027,I452T,-5.406,452,I,T,I452
9028,I452S,-6.608,452,I,S,I452
9029,I452C,-7.928,452,I,C,I452
9030,I452G,-9.605,452,I,G,I452
9031,I452A,-7.128,452,I,A,I452
9032,I452V,-4.039,452,I,V,I452
9033,I452L,-4.775,452,I,L,I452
9034,I452I,0.0,452,I,I,I452
9035,I452M,-5.86,452,I,M,I452
9036,I452P,-10.635,452,I,P,I452
9037,I452Y,-6.905,452,I,Y,I452
9038,I452F,-4.723,452,I,F,I452
9039,I452W,-8.833,452,I,W,I452
9040,Y453K,-3.791,453,Y,K,Y453
9041,Y453R,-3.647,453,Y,R,Y453
9042,Y453H,-2.858,453,Y,H,Y453
9043,Y453E,-4.775,453,Y,E,Y453
9044,Y453D,-5.476,453,Y,D,Y453
9045,Y453N,-2.324,453,Y,N,Y453
9046,Y453Q,-2.127,453,Y,Q,Y453
9047,Y453T,-2.508,453,Y,T,Y453
9048,Y453S,-1.534,453,Y,S,Y453
9049,Y453C,-3.988,453,Y,C,Y453
9050,Y453G,-5.03,453,Y,G,Y453
9051,Y453A,-4.281,453,Y,A,Y453
9052,Y453V,-2.511,453,Y,V,Y453
9053,Y453L,-3.261,453,Y,L,Y453
9054,Y453I,-2.359,453,Y,I,Y453
9055,Y453M,-4.602,453,Y,M,Y453
9056,Y453P,-7.17,453,Y,P,Y453
9057,Y453Y,0.0,453,Y,Y,Y453
9058,Y453F,-3.457,453,Y,F,Y453
9059,Y453W,-5.568,453,Y,W,Y453
9060,N454K,-7.197,454,N,K,N454
9061,N454R,-7.31,454,N,R,N454
9062,N454H,-5.794,454,N,H,N454
9063,N454E,-7.84,454,N,E,N454
9064,N454D,-6.018,454,N,D,N454
9065,N454N,0.0,454,N,N,N454
9066,N454Q,-6.393,454,N,Q,N454
9067,N454T,-7.656,454,N,T,N454
9068,N454S,-5.779,454,N,S,N454
9069,N454C,-7.812,454,N,C,N454
9070,N454G,-6.017,454,N,G,N454
9071,N454A,-8.021,454,N,A,N454
9072,N454V,-8.928,454,N,V,N454
9073,N454L,-8.595,454,N,L,N454
9074,N454I,-9.144,454,N,I,N454
9075,N454M,-9.638,454,N,M,N454
9076,N454P,-9.499,454,N,P,N454
9077,N454Y,-7.327,454,N,Y,N454
9078,N454F,-8.343,454,N,F,N454
9079,N454W,-10.433,454,N,W,N454
9080,C455K,-6.852,455,C,K,C455
9081,C455R,-6.338,455,C,R,C455
9082,C455H,-5.207,455,C,H,C455
9083,C455E,-7.295,455,C,E,C455
9084,C455D,-5.113,455,C,D,C455
9085,C455N,-2.406,455,C,N,C455
9086,C455Q,-5.656,455,C,Q,C455
9087,C455T,-3.13,455,C,T,C455
9088,C455S,-0.497,455,C,S,C455
9089,C455C,0.0,455,C,C,C455
9090,C455G,-4.991,455,C,G,C455
9091,C455A,-2.892,455,C,A,C455
9092,C455V,-4.607,455,C,V,C455
9093,C455L,-5.546,455,C,L,C455
9094,C455I,-5.301,455,C,I,C455
9095,C455M,-6.147,455,C,M,C455
9096,C455P,-6.073,455,C,P,C455
9097,C455Y,-5.003,455,C,Y,C455
9098,C455F,-3.645,455,C,F,C455
9099,C455W,-8.053,455,C,W,C455
9100,S456K,-5.166,456,S,K,S456
9101,S456R,-4.018,456,S,R,S456
9102,S456H,-5.287,456,S,H,S456
9103,S456E,-7.238,456,S,E,S456
9104,S456D,-7.648,456,S,D,S456
9105,S456N,-6.08,456,S,N,S456
9106,S456Q,-4.671,456,S,Q,S456
9107,S456T,-5.337,456,S,T,S456
9108,S456S,0.0,456,S,S,S456
9109,S456C,-5.285,456,S,C,S456
9110,S456G,-6.424,456,S,G,S456
9111,S456A,-5.17,456,S,A,S456
9112,S456V,-6.518,456,S,V,S456
9113,S456L,-6.296,456,S,L,S456
9114,S456I,-7.1,456,S,I,S456
9115,S456M,-7.518,456,S,M,S456
9116,S456P,-6.326,456,S,P,S456
9117,S456Y,-6.135,456,S,Y,S456
9118,S456F,-6.64,456,S,F,S456
9119,S456W,-7.415,456,S,W,S456
9120,G457K,-8.22,457,G,K,G457
9121,G457R,-7.518,457,G,R,G457
9122,G457H,-6.973,457,G,H,G457
9123,G457E,-7.237,457,G,E,G457
9124,G457D,-6.446,457,G,D,G457
9125,G457N,-6.51,457,G,N,G457
9126,G457Q,-6.636,457,G,Q,G457
9127,G457T,-6.171,457,G,T,G457
9128,G457S,-5.031,457,G,S,G457
9129,G457C,-7.829,457,G,C,G457
9130,G457G,0.0,457,G,G,G457
9131,G457A,-4.577,457,G,A,G457
9132,G457V,-6.815,457,G,V,G457
9133,G457L,-7.647,457,G,L,G457
9134,G457I,-8.029,457,G,I,G457
9135,G457M,-7.79,457,G,M,G457
9136,G457P,-6.971,457,G,P,G457
9137,G457Y,-7.517,457,G,Y,G457
9138,G457F,-7.111,457,G,F,G457
9139,G457W,-8.086,457,G,W,G457
9140,V458K,-9.505,458,V,K,V458
9141,V458R,-9.724,458,V,R,V458
9142,V458H,-9.349,458,V,H,V458
9143,V458E,-9.998,458,V,E,V458
9144,V458D,-8.828,458,V,D,V458
9145,V458N,-8.278,458,V,N,V458
9146,V458Q,-8.32,458,V,Q,V458
9147,V458T,-4.442,458,V,T,V458
9148,V458S,-6.609,458,V,S,V458
9149,V458C,-7.672,458,V,C,V458
9150,V458G,-8.887,458,V,G,V458
9151,V458A,-6.057,458,V,A,V458
9152,V458V,0.0,458,V,V,V458
9153,V458L,-4.153,458,V,L,V458
9154,V458I,-3.543,458,V,I,V458
9155,V458M,-5.655,458,V,M,V458
9156,V458P,-6.714,458,V,P,V458
9157,V458Y,-8.768,458,V,Y,V458
9158,V458F,-5.385,458,V,F,V458
9159,V458W,-9.094,458,V,W,V458
9160,Q459K,-7.96,459,Q,K,Q459
9161,Q459R,-8.843,459,Q,R,Q459
9162,Q459H,-7.646,459,Q,H,Q459
9163,Q459E,-9.762,459,Q,E,Q459
9164,Q459D,-10.988,459,Q,D,Q459
9165,Q459N,-8.133,459,Q,N,Q459
9166,Q459Q,0.0,459,Q,Q,Q459
9167,Q459T,-7.12,459,Q,T,Q459
9168,Q459S,-7.397,459,Q,S,Q459
9169,Q459C,-9.387,459,Q,C,Q459
9170,Q459G,-10.419,459,Q,G,Q459
9171,Q459A,-7.661,459,Q,A,Q459
9172,Q459V,-7.715,459,Q,V,Q459
9173,Q459L,-8.28,459,Q,L,Q459
9174,Q459I,-8.029,459,Q,I,Q459
9175,Q459M,-7.618,459,Q,M,Q459
9176,Q459P,-12.039,459,Q,P,Q459
9177,Q459Y,-9.197,459,Q,Y,Q459
9178,Q459F,-6.541,459,Q,F,Q459
9179,Q459W,-10.375,459,Q,W,Q459
9180,V460K,-8.925,460,V,K,V460
9181,V460R,-9.329,460,V,R,V460
9182,V460H,-8.371,460,V,H,V460
9183,V460E,-10.511,460,V,E,V460
9184,V460D,-10.837,460,V,D,V460
9185,V460N,-7.836,460,V,N,V460
9186,V460Q,-7.777,460,V,Q,V460
9187,V460T,-5.375,460,V,T,V460
9188,V460S,-6.351,460,V,S,V460
9189,V460C,-8.181,460,V,C,V460
9190,V460G,-9.498,460,V,G,V460
9191,V460A,-6.608,460,V,A,V460
9192,V460V,0.0,460,V,V,V460
9193,V460L,-5.313,460,V,L,V460
9194,V460I,-3.027,460,V,I,V460
9195,V460M,-5.604,460,V,M,V460
9196,V460P,-10.755,460,V,P,V460
9197,V460Y,-8.063,460,V,Y,V460
9198,V460F,-4.736,460,V,F,V460
9199,V460W,-9.318,460,V,W,V460
9200,G461K,-10.872,461,G,K,G461
9201,G461R,-9.493,461,G,R,G461
9202,G461H,-12.273,461,G,H,G461
9203,G461E,-10.537,461,G,E,G461
9204,G461D,-11.128,461,G,D,G461
9205,G461N,-11.284,461,G,N,G461
9206,G461Q,-10.621,461,G,Q,G461
9207,G461T,-12.25,461,G,T,G461
9208,G461S,-10.034,461,G,S,G461
9209,G461C,-11.431,461,G,C,G461
9210,G461G,0.0,461,G,G,G461
9211,G461A,-9.901,461,G,A,G461
9212,G461V,-11.399,461,G,V,G461
9213,G461L,-12.509,461,G,L,G461
9214,G461I,-12.662,461,G,I,G461
9215,G461M,-12.688,461,G,M,G461
9216,G461P,-14.196,461,G,P,G461
9217,G461Y,-13.193,461,G,Y,G461
9218,G461F,-13.349,461,G,F,G461
9219,G461W,-11.835,461,G,W,G461
9220,D462K,-5.053,462,D,K,D462
9221,D462R,-5.036,462,D,R,D462
9222,D462H,-4.589,462,D,H,D462
9223,D462E,-4.838,462,D,E,D462
9224,D462D,0.0,462,D,D,D462
9225,D462N,-3.547,462,D,N,D462
9226,D462Q,-4.017,462,D,Q,D462
9227,D462T,-2.874,462,D,T,D462
9228,D462S,-3.341,462,D,S,D462
9229,D462C,-6.206,462,D,C,D462
9230,D462G,-4.618,462,D,G,D462
9231,D462A,-4.562,462,D,A,D462
9232,D462V,-5.329,462,D,V,D462
9233,D462L,-6.223,462,D,L,D462
9234,D462I,-6.001,462,D,I,D462
9235,D462M,-6.503,462,D,M,D462
9236,D462P,-6.126,462,D,P,D462
9237,D462Y,-6.836,462,D,Y,D462
9238,D462F,-7.1,462,D,F,D462
9239,D462W,-8.37,462,D,W,D462
9240,N463K,-6.539,463,N,K,N463
9241,N463R,-5.856,463,N,R,N463
9242,N463H,-5.4,463,N,H,N463
9243,N463E,-7.782,463,N,E,N463
9244,N463D,-6.067,463,N,D,N463
9245,N463N,0.0,463,N,N,N463
9246,N463Q,-6.052,463,N,Q,N463
9247,N463T,-5.751,463,N,T,N463
9248,N463S,-3.241,463,N,S,N463
9249,N463C,-6.664,463,N,C,N463
9250,N463G,-4.298,463,N,G,N463
9251,N463A,-6.422,463,N,A,N463
9252,N463V,-6.659,463,N,V,N463
9253,N463L,-7.264,463,N,L,N463
9254,N463I,-7.064,463,N,I,N463
9255,N463M,-7.395,463,N,M,N463
9256,N463P,-8.812,463,N,P,N463
9257,N463Y,-6.214,463,N,Y,N463
9258,N463F,-6.791,463,N,F,N463
9259,N463W,-8.526,463,N,W,N463
9260,N464K,-7.02,464,N,K,N464
9261,N464R,-6.506,464,N,R,N464
9262,N464H,-5.833,464,N,H,N464
9263,N464E,-8.534,464,N,E,N464
9264,N464D,-7.939,464,N,D,N464
9265,N464N,0.0,464,N,N,N464
9266,N464Q,-5.997,464,N,Q,N464
9267,N464T,-5.219,464,N,T,N464
9268,N464S,-4.051,464,N,S,N464
9269,N464C,-5.583,464,N,C,N464
9270,N464G,-6.986,464,N,G,N464
9271,N464A,-6.218,464,N,A,N464
9272,N464V,-2.711,464,N,V,N464
9273,N464L,-4.854,464,N,L,N464
9274,N464I,-3.582,464,N,I,N464
9275,N464M,-6.513,464,N,M,N464
9276,N464P,-8.546,464,N,P,N464
9277,N464Y,-6.155,464,N,Y,N464
9278,N464F,-5.603,464,N,F,N464
9279,N464W,-9.429,464,N,W,N464
9280,Y465K,-6.075,465,Y,K,Y465
9281,Y465R,-5.654,465,Y,R,Y465
9282,Y465H,-4.034,465,Y,H,Y465
9283,Y465E,-6.559,465,Y,E,Y465
9284,Y465D,-7.028,465,Y,D,Y465
9285,Y465N,-4.553,465,Y,N,Y465
9286,Y465Q,-4.887,465,Y,Q,Y465
9287,Y465T,-3.18,465,Y,T,Y465
9288,Y465S,-4.223,465,Y,S,Y465
9289,Y465C,-6.16,465,Y,C,Y465
9290,Y465G,-6.422,465,Y,G,Y465
9291,Y465A,-5.642,465,Y,A,Y465
9292,Y465V,-3.585,465,Y,V,Y465
9293,Y465L,-4.796,465,Y,L,Y465
9294,Y465I,-3.343,465,Y,I,Y465
9295,Y465M,-5.523,465,Y,M,Y465
9296,Y465P,-7.792,465,Y,P,Y465
9297,Y465Y,0.0,465,Y,Y,Y465
9298,Y465F,-2.583,465,Y,F,Y465
9299,Y465W,-6.356,465,Y,W,Y465
9300,L466K,-7.28,466,L,K,L466
9301,L466R,-6.688,466,L,R,L466
9302,L466H,-6.268,466,L,H,L466
9303,L466E,-8.654,466,L,E,L466
9304,L466D,-8.963,466,L,D,L466
9305,L466N,-5.551,466,L,N,L466
9306,L466Q,-5.779,466,L,Q,L466
9307,L466T,-3.815,466,L,T,L466
9308,L466S,-5.042,466,L,S,L466
9309,L466C,-6.299,466,L,C,L466
9310,L466G,-6.827,466,L,G,L466
9311,L466A,-5.79,466,L,A,L466
9312,L466V,-3.547,466,L,V,L466
9313,L466L,0.0,466,L,L,L466
9314,L466I,-3.093,466,L,I,L466
9315,L466M,-4.648,466,L,M,L466
9316,L466P,-7.755,466,L,P,L466
9317,L466Y,-5.138,466,L,Y,L466
9318,L466F,-3.99,466,L,F,L466
9319,L466W,-7.307,466,L,W,L466
9320,T467K,-5.421,467,T,K,T467
9321,T467R,-5.31,467,T,R,T467
9322,T467H,-3.068,467,T,H,T467
9323,T467E,-5.542,467,T,E,T467
9324,T467D,-5.342,467,T,D,T467
9325,T467N,-2.737,467,T,N,T467
9326,T467Q,-4.269,467,T,Q,T467
9327,T467T,0.0,467,T,T,T467
9328,T467S,-3.343,467,T,S,T467
9329,T467C,-5.084,467,T,C,T467
9330,T467G,-4.707,467,T,G,T467
9331,T467A,-4.387,467,T,A,T467
9332,T467V,-4.323,467,T,V,T467
9333,T467L,-4.678,467,T,L,T467
9334,T467I,-4.703,467,T,I,T467
9335,T467M,-5.739,467,T,M,T467
9336,T467P,-6.491,467,T,P,T467
9337,T467Y,-3.586,467,T,Y,T467
9338,T467F,-4.332,467,T,F,T467
9339,T467W,-6.473,467,T,W,T467
9340,M468K,-5.392,468,M,K,M468
9341,M468R,-4.705,468,M,R,M468
9342,M468H,-3.44,468,M,H,M468
9343,M468E,-5.064,468,M,E,M468
9344,M468D,-4.446,468,M,D,M468
9345,M468N,-2.891,468,M,N,M468
9346,M468Q,-3.577,468,M,Q,M468
9347,M468T,-3.287,468,M,T,M468
9348,M468S,-2.895,468,M,S,M468
9349,M468C,-4.714,468,M,C,M468
9350,M468G,-3.348,468,M,G,M468
9351,M468A,-3.526,468,M,A,M468
9352,M468V,-1.587,468,M,V,M468
9353,M468L,-1.341,468,M,L,M468
9354,M468I,-1.237,468,M,I,M468
9355,M468M,0.0,468,M,M,M468
9356,M468P,-3.784,468,M,P,M468
9357,M468Y,-2.266,468,M,Y,M468
9358,M468F,-0.877,468,M,F,M468
9359,M468W,-3.791,468,M,W,M468
9360,Q469K,-3.911,469,Q,K,Q469
9361,Q469R,-4.0,469,Q,R,Q469
9362,Q469H,-3.906,469,Q,H,Q469
9363,Q469E,-3.862,469,Q,E,Q469
9364,Q469D,-3.778,469,Q,D,Q469
9365,Q469N,-2.511,469,Q,N,Q469
9366,Q469Q,0.0,469,Q,Q,Q469
9367,Q469T,-3.612,469,Q,T,Q469
9368,Q469S,-3.167,469,Q,S,Q469
9369,Q469C,-5.819,469,Q,C,Q469
9370,Q469G,-2.045,469,Q,G,Q469
9371,Q469A,-3.922,469,Q,A,Q469
9372,Q469V,-4.732,469,Q,V,Q469
9373,Q469L,-5.307,469,Q,L,Q469
9374,Q469I,-5.659,469,Q,I,Q469
9375,Q469M,-5.937,469,Q,M,Q469
9376,Q469P,-3.616,469,Q,P,Q469
9377,Q469Y,-5.598,469,Q,Y,Q469
9378,Q469F,-5.631,469,Q,F,Q469
9379,Q469W,-7.173,469,Q,W,Q469
9380,Q470K,-5.083,470,Q,K,Q470
9381,Q470R,-4.886,470,Q,R,Q470
9382,Q470H,-4.76,470,Q,H,Q470
9383,Q470E,-5.389,470,Q,E,Q470
9384,Q470D,-4.466,470,Q,D,Q470
9385,Q470N,-2.787,470,Q,N,Q470
9386,Q470Q,0.0,470,Q,Q,Q470
9387,Q470T,-4.23,470,Q,T,Q470
9388,Q470S,-3.681,470,Q,S,Q470
9389,Q470C,-6.036,470,Q,C,Q470
9390,Q470G,-3.347,470,Q,G,Q470
9391,Q470A,-4.479,470,Q,A,Q470
9392,Q470V,-4.705,470,Q,V,Q470
9393,Q470L,-4.763,470,Q,L,Q470
9394,Q470I,-5.113,470,Q,I,Q470
9395,Q470M,-5.14,470,Q,M,Q470
9396,Q470P,-4.166,470,Q,P,Q470
9397,Q470Y,-5.159,470,Q,Y,Q470
9398,Q470F,-4.595,470,Q,F,Q470
9399,Q470W,-6.208,470,Q,W,Q470
9400,T471K,-4.484,471,T,K,T471
9401,T471R,-3.977,471,T,R,T471
9402,T471H,-4.202,471,T,H,T471
9403,T471E,-3.878,471,T,E,T471
9404,T471D,-3.3,471,T,D,T471
9405,T471N,-2.562,471,T,N,T471
9406,T471Q,-3.08,471,T,Q,T471
9407,T471T,0.0,471,T,T,T471
9408,T471S,-2.734,471,T,S,T471
9409,T471C,-5.134,471,T,C,T471
9410,T471G,-2.037,471,T,G,T471
9411,T471A,-3.203,471,T,A,T471
9412,T471V,-3.998,471,T,V,T471
9413,T471L,-3.837,471,T,L,T471
9414,T471I,-4.832,471,T,I,T471
9415,T471M,-4.828,471,T,M,T471
9416,T471P,-1.828,471,T,P,T471
9417,T471Y,-5.409,471,T,Y,T471
9418,T471F,-4.863,471,T,F,T471
9419,T471W,-6.4,471,T,W,T471
9420,T472K,-4.195,472,T,K,T472
9421,T472R,-3.53,472,T,R,T472
9422,T472H,-4.38,472,T,H,T472
9423,T472E,-3.267,472,T,E,T472
9424,T472D,-4.152,472,T,D,T472
9425,T472N,-4.203,472,T,N,T472
9426,T472Q,-2.822,472,T,Q,T472
9427,T472T,0.0,472,T,T,T472
9428,T472S,-2.552,472,T,S,T472
9429,T472C,-5.064,472,T,C,T472
9430,T472G,-2.466,472,T,G,T472
9431,T472A,-2.935,472,T,A,T472
9432,T472V,-3.516,472,T,V,T472
9433,T472L,-2.904,472,T,L,T472
9434,T472I,-4.737,472,T,I,T472
9435,T472M,-4.162,472,T,M,T472
9436,T472P,-2.086,472,T,P,T472
9437,T472Y,-4.483,472,T,Y,T472
9438,T472F,-3.762,472,T,F,T472
9439,T472W,-4.202,472,T,W,T472
9440,A473K,-4.549,473,A,K,A473
9441,A473R,-4.076,473,A,R,A473
9442,A473H,-4.592,473,A,H,A473
9443,A473E,-3.953,473,A,E,A473
9444,A473D,-4.175,473,A,D,A473
9445,A473N,-3.996,473,A,N,A473
9446,A473Q,-3.647,473,A,Q,A473
9447,A473T,-3.747,473,A,T,A473
9448,A473S,-2.854,473,A,S,A473
9449,A473C,-5.563,473,A,C,A473
9450,A473G,-2.951,473,A,G,A473
9451,A473A,0.0,473,A,A,A473
9452,A473V,-3.916,473,A,V,A473
9453,A473L,-3.607,473,A,L,A473
9454,A473I,-5.062,473,A,I,A473
9455,A473M,-5.09,473,A,M,A473
9456,A473P,-2.49,473,A,P,A473
9457,A473Y,-5.489,473,A,Y,A473
9458,A473F,-4.851,473,A,F,A473
9459,A473W,-5.541,473,A,W,A473
9460,L474K,-4.083,474,L,K,L474
9461,L474R,-3.463,474,L,R,L474
9462,L474H,-4.237,474,L,H,L474
9463,L474E,-3.657,474,L,E,L474
9464,L474D,-3.743,474,L,D,L474
9465,L474N,-3.802,474,L,N,L474
9466,L474Q,-3.148,474,L,Q,L474
9467,L474T,-2.977,474,L,T,L474
9468,L474S,-2.381,474,L,S,L474
9469,L474C,-4.954,474,L,C,L474
9470,L474G,-2.526,474,L,G,L474
9471,L474A,-2.482,474,L,A,L474
9472,L474V,-3.556,474,L,V,L474
9473,L474L,0.0,474,L,L,L474
9474,L474I,-4.86,474,L,I,L474
9475,L474M,-4.784,474,L,M,L474
9476,L474P,-1.819,474,L,P,L474
9477,L474Y,-5.604,474,L,Y,L474
9478,L474F,-4.87,474,L,F,L474
9479,L474W,-5.515,474,L,W,L474
9480,P475K,-5.798,475,P,K,P475
9481,P475R,-5.358,475,P,R,P475
9482,P475H,-5.792,475,P,H,P475
9483,P475E,-5.063,475,P,E,P475
9484,P475D,-5.149,475,P,D,P475
9485,P475N,-5.031,475,P,N,P475
9486,P475Q,-4.637,475,P,Q,P475
9487,P475T,-5.092,475,P,T,P475
9488,P475S,-4.152,475,P,S,P475
9489,P475C,-6.761,475,P,C,P475
9490,P475G,-3.442,475,P,G,P475
9491,P475A,-4.74,475,P,A,P475
9492,P475V,-5.748,475,P,V,P475
9493,P475L,-5.554,475,P,L,P475
9494,P475I,-7.061,475,P,I,P475
9495,P475M,-6.935,475,P,M,P475
9496,P475P,0.0,475,P,P,P475
9497,P475Y,-6.915,475,P,Y,P475
9498,P475F,-6.553,475,P,F,P475
9499,P475W,-6.773,475,P,W,P475
