,ID,WT_AA,Pos,Mut,ddG_foldx,ddG_foldx_SD
0,D-1-G,D,1,G,-0.169408,0.00482591
1,D-1-A,D,1,A,0.548887,0.0075383
2,D-1-V,D,1,V,1.00786,0.0564561
3,D-1-L,D,1,L,-1.36492,0.0430181
4,D-1-M,D,1,M,-2.12736,0.189618
5,D-1-I,D,1,I,-1.16605,0.0695805
6,D-1-F,D,1,F,-1.00736,0.16334
7,D-1-Y,D,1,Y,-0.204896,0.348022
8,D-1-W,D,1,W,-1.69061,0.203686
9,D-1-K,D,1,K,0.00353619,0.467094
10,D-1-R,D,1,R,1.02629,0.178867
11,D-1-D,D,1,D,-0.00802517,0.00239461
12,D-1-E,D,1,E,-0.148663,0.115058
13,D-1-S,D,1,S,0.768745,0.00318004
14,D-1-T,D,1,T,1.36057,0.00328255
15,D-1-C,D,1,C,-0.445502,0.044551
16,D-1-N,D,1,N,0.675358,0.021681
17,D-1-Q,D,1,Q,0.439247,0.170555
18,D-1-H,D,1,H,1.10081,0.0873666
19,D-1-P,D,1,P,2.82467,0.0305078
20,L-2-G,L,2,G,6.29052,0.0867105
21,L-2-A,L,2,A,4.61254,0.131886
22,L-2-V,L,2,V,1.15432,0.120464
23,L-2-L,L,2,L,0.036952,0.328759
24,L-2-M,L,2,M,-1.09914,0.24921
25,L-2-I,L,2,I,-0.348359,0.260215
26,L-2-F,L,2,F,0.25071,0.215432
27,L-2-Y,L,2,Y,0.872288,0.554983
28,L-2-W,L,2,W,1.01412,0.448932
29,L-2-K,L,2,K,2.2255,0.205785
30,L-2-R,L,2,R,3.26154,0.177158
31,L-2-D,L,2,D,5.02442,0.148721
32,L-2-E,L,2,E,3.86378,0.169524
33,L-2-S,L,2,S,4.37781,0.292182
34,L-2-T,L,2,T,2.31831,0.0767009
35,L-2-C,L,2,C,3.33182,0.047833
36,L-2-N,L,2,N,2.82748,0.220283
37,L-2-Q,L,2,Q,2.20784,0.0911951
38,L-2-H,L,2,H,3.25346,0.327443
39,L-2-P,L,2,P,14.1949,0.257746
40,I-3-G,I,3,G,6.85617,0.0389914
41,I-3-A,I,3,A,4.57845,0.162597
42,I-3-V,I,3,V,1.41437,0.0198756
43,I-3-L,I,3,L,0.683639,0.202059
44,I-3-M,I,3,M,1.02918,0.153396
45,I-3-I,I,3,I,-0.00644034,0.00480307
46,I-3-F,I,3,F,1.19826,0.0977693
47,I-3-Y,I,3,Y,2.12077,0.153221
48,I-3-W,I,3,W,0.752441,0.1902
49,I-3-K,I,3,K,2.66859,0.0492315
50,I-3-R,I,3,R,3.25959,0.0640105
51,I-3-D,I,3,D,3.38362,0.772377
52,I-3-E,I,3,E,2.37986,0.1611
53,I-3-S,I,3,S,4.73084,0.139841
54,I-3-T,I,3,T,2.87709,0.0450353
55,I-3-C,I,3,C,3.60994,0.139549
56,I-3-N,I,3,N,3.75934,0.270184
57,I-3-Q,I,3,Q,2.03754,0.0615337
58,I-3-H,I,3,H,4.36844,0.167082
59,I-3-P,I,3,P,11.4681,0.434303
60,K-4-G,K,4,G,5.06997,0.0827274
61,K-4-A,K,4,A,3.55435,0.122421
62,K-4-V,K,4,V,0.452383,0.189116
63,K-4-L,K,4,L,-2.27193,0.223468
64,K-4-M,K,4,M,-1.5383,0.41219
65,K-4-I,K,4,I,-2.46438,0.0814944
66,K-4-F,K,4,F,-2.16056,0.106664
67,K-4-Y,K,4,Y,-1.30761,0.0610695
68,K-4-W,K,4,W,0.559823,0.497118
69,K-4-K,K,4,K,-0.0636395,0.0560951
70,K-4-R,K,4,R,1.28837,0.147116
71,K-4-D,K,4,D,4.63193,0.0750159
72,K-4-E,K,4,E,2.832,0.044927
73,K-4-S,K,4,S,2.36735,0.0606742
74,K-4-T,K,4,T,1.39412,0.106273
75,K-4-C,K,4,C,2.41569,0.0345057
76,K-4-N,K,4,N,2.42798,0.256372
77,K-4-Q,K,4,Q,1.37074,0.082792
78,K-4-H,K,4,H,2.45495,0.139591
79,K-4-P,K,4,P,9.24304,0.0654431
80,Y-5-G,Y,5,G,7.56282,0.254122
81,Y-5-A,Y,5,A,4.5569,0.110594
82,Y-5-V,Y,5,V,-1.90357,0.124925
83,Y-5-L,Y,5,L,-1.5833,0.397019
84,Y-5-M,Y,5,M,-2.91341,0.461368
85,Y-5-I,Y,5,I,-3.73113,0.136066
86,Y-5-F,Y,5,F,0.178914,0.157514
87,Y-5-Y,Y,5,Y,-0.0493112,0.106247
88,Y-5-W,Y,5,W,2.63894,0.146932
89,Y-5-K,Y,5,K,3.35356,0.289628
90,Y-5-R,Y,5,R,4.37808,0.195399
91,Y-5-D,Y,5,D,8.31879,0.0265063
92,Y-5-E,Y,5,E,5.96413,0.0646694
93,Y-5-S,Y,5,S,5.67903,0.0421129
94,Y-5-T,Y,5,T,2.85701,0.0618418
95,Y-5-C,Y,5,C,3.29087,0.144963
96,Y-5-N,Y,5,N,3.97704,0.171337
97,Y-5-Q,Y,5,Q,3.37392,0.168122
98,Y-5-H,Y,5,H,5.66783,0.352741
99,Y-5-P,Y,5,P,9.47949,0.193651
100,T-6-G,T,6,G,5.55167,0.159941
101,T-6-A,T,6,A,0.993356,0.0138476
102,T-6-V,T,6,V,-0.842416,0.00820287
103,T-6-L,T,6,L,-1.9748,0.0673267
104,T-6-M,T,6,M,-3.11968,0.528786
105,T-6-I,T,6,I,-2.21122,0.145905
106,T-6-F,T,6,F,-2.40218,0.417563
107,T-6-Y,T,6,Y,-1.53591,0.64321
108,T-6-W,T,6,W,-3.65447,0.227367
109,T-6-K,T,6,K,-1.24921,0.0238494
110,T-6-R,T,6,R,-0.122415,0.0732187
111,T-6-D,T,6,D,0.687881,0.0749484
112,T-6-E,T,6,E,-0.214778,0.0447491
113,T-6-S,T,6,S,2.39053,0.261912
114,T-6-T,T,6,T,-0.000766373,0.00893208
115,T-6-C,T,6,C,-0.0219453,0.0491822
116,T-6-N,T,6,N,-0.849145,0.1278
117,T-6-Q,T,6,Q,-0.427699,0.0558843
118,T-6-H,T,6,H,1.76087,0.269194
119,T-6-P,T,6,P,7.34351,0.105126
120,I-7-G,I,7,G,11.3697,0.1554
121,I-7-A,I,7,A,10.4904,0.203167
122,I-7-V,I,7,V,3.2712,0.00307877
123,I-7-L,I,7,L,0.847084,0.0532318
124,I-7-M,I,7,M,2.9908,0.0460385
125,I-7-I,I,7,I,0.00139178,0.0268423
126,I-7-F,I,7,F,6.75391,1.15937
127,I-7-Y,I,7,Y,9.75087,1.2699
128,I-7-W,I,7,W,14.237,0.866672
129,I-7-K,I,7,K,10.1841,0.343061
130,I-7-R,I,7,R,12.5468,0.56819
131,I-7-D,I,7,D,13.4722,0.253093
132,I-7-E,I,7,E,12.2548,0.206098
133,I-7-S,I,7,S,11.374,0.0218578
134,I-7-T,I,7,T,8.06492,0.179379
135,I-7-C,I,7,C,8.39521,0.164381
136,I-7-N,I,7,N,9.09298,0.332223
137,I-7-Q,I,7,Q,8.77174,0.780653
138,I-7-H,I,7,H,8.99759,0.159114
139,I-7-P,I,7,P,14.5051,0.0189033
140,F-8-G,F,8,G,6.43779,0.0449259
141,F-8-A,F,8,A,5.1974,0.0408515
142,F-8-V,F,8,V,2.45179,0.131721
143,F-8-L,F,8,L,1.10356,0.103765
144,F-8-M,F,8,M,1.43277,0.234578
145,F-8-I,F,8,I,0.538346,0.100791
146,F-8-F,F,8,F,2.52969,1.03922
147,F-8-Y,F,8,Y,1.20615,0.102188
148,F-8-W,F,8,W,3.33422,0.71518
149,F-8-K,F,8,K,3.03303,0.161985
150,F-8-R,F,8,R,3.75546,0.159555
151,F-8-D,F,8,D,6.39797,0.220678
152,F-8-E,F,8,E,4.37069,0.0652222
153,F-8-S,F,8,S,5.49225,0.0718876
154,F-8-T,F,8,T,4.09672,0.0734446
155,F-8-C,F,8,C,4.78641,0.0718205
156,F-8-N,F,8,N,4.69949,0.429269
157,F-8-Q,F,8,Q,3.48519,0.269522
158,F-8-H,F,8,H,4.30283,0.251439
159,F-8-P,F,8,P,7.72542,0.224363
160,N-9-G,N,9,G,-4.15494,0.0687685
161,N-9-A,N,9,A,0.066095,0.0394981
162,N-9-V,N,9,V,-0.643686,0.054495
163,N-9-L,N,9,L,-2.67589,0.0569215
164,N-9-M,N,9,M,-3.41025,0.262423
165,N-9-I,N,9,I,-2.88432,0.0901415
166,N-9-F,N,9,F,-4.91245,0.280915
167,N-9-Y,N,9,Y,-4.10842,0.220737
168,N-9-W,N,9,W,-3.13656,0.290132
169,N-9-K,N,9,K,-0.812165,0.161126
170,N-9-R,N,9,R,-1.32756,0.116824
171,N-9-D,N,9,D,-0.35084,0.0295186
172,N-9-E,N,9,E,-1.05731,0.0229525
173,N-9-S,N,9,S,-0.582761,0.0608159
174,N-9-T,N,9,T,0.0288894,0.0778834
175,N-9-C,N,9,C,0.0615037,0.044591
176,N-9-N,N,9,N,0.0266576,0.0294333
177,N-9-Q,N,9,Q,-1.73329,0.0613727
178,N-9-H,N,9,H,-0.257072,0.0708828
179,N-9-P,N,9,P,8.91638,0.202517
180,S-10-G,S,10,G,2.76159,4.84069e-06
181,S-10-A,S,10,A,1.25362,6.51754e-06
182,S-10-V,S,10,V,9.90571,0.813419
183,S-10-L,S,10,L,10.0436,1.24717
184,S-10-M,S,10,M,5.522,0.936977
185,S-10-I,S,10,I,16.3215,1.48719
186,S-10-F,S,10,F,24.8438,5.15509
187,S-10-Y,S,10,Y,26.9022,2.79656
188,S-10-W,S,10,W,41.1754,5.26002
189,S-10-K,S,10,K,14.197,0.976528
190,S-10-R,S,10,R,24.757,4.18965
191,S-10-D,S,10,D,15.5962,2.80907
192,S-10-E,S,10,E,13.9165,0.399282
193,S-10-S,S,10,S,0.000266035,0.000349714
194,S-10-T,S,10,T,7.58038,0.360153
195,S-10-C,S,10,C,3.38968,0.0926723
196,S-10-N,S,10,N,9.21573,0.728074
197,S-10-Q,S,10,Q,10.5787,0.324569
198,S-10-H,S,10,H,19.1274,2.36664
199,S-10-P,S,10,P,7.30526,0.0164831
200,S-11-G,S,11,G,1.26701,0.000125631
201,S-11-A,S,11,A,1.32071,3.25407e-05
202,S-11-V,S,11,V,2.18998,0.000835323
203,S-11-L,S,11,L,-0.850382,0.180631
204,S-11-M,S,11,M,-3.62432,0.138584
205,S-11-I,S,11,I,0.924725,0.00744546
206,S-11-F,S,11,F,-0.327539,0.156568
207,S-11-Y,S,11,Y,0.346848,0.0512792
208,S-11-W,S,11,W,0.223897,0.00393924
209,S-11-K,S,11,K,-0.520751,0.0763491
210,S-11-R,S,11,R,-0.840235,0.0655589
211,S-11-D,S,11,D,3.60089,0.00833288
212,S-11-E,S,11,E,2.12756,0.0244669
213,S-11-S,S,11,S,-0.00013955,0.000128321
214,S-11-T,S,11,T,2.30858,0.00975559
215,S-11-C,S,11,C,0.91316,0.539127
216,S-11-N,S,11,N,2.42694,0.0906023
217,S-11-Q,S,11,Q,0.636005,0.0588557
218,S-11-H,S,11,H,1.86914,0.0368625
219,S-11-P,S,11,P,4.08259,0.0101039
220,G-12-G,G,12,G,-1.8872e-12,3.76021e-12
221,G-12-A,G,12,A,5.16681,0.024027
222,G-12-V,G,12,V,11.1732,0.248598
223,G-12-L,G,12,L,10.3202,0.316858
224,G-12-M,G,12,M,7.13156,1.05103
225,G-12-I,G,12,I,9.65927,0.38367
226,G-12-F,G,12,F,10.1041,1.39321
227,G-12-Y,G,12,Y,12.1018,1.15452
228,G-12-W,G,12,W,15.2429,0.504813
229,G-12-K,G,12,K,5.76291,0.494458
230,G-12-R,G,12,R,7.78412,0.758352
231,G-12-D,G,12,D,13.8216,0.327565
232,G-12-E,G,12,E,13.0504,0.570135
233,G-12-S,G,12,S,7.68002,0.142171
234,G-12-T,G,12,T,13.5141,0.462507
235,G-12-C,G,12,C,4.93453,0.165854
236,G-12-N,G,12,N,3.07943,0.104154
237,G-12-Q,G,12,Q,8.49302,0.667748
238,G-12-H,G,12,H,12.0972,1.41642
239,G-12-P,G,12,P,15.5065,0.31661
240,I-13-G,I,13,G,10.8081,0.148031
241,I-13-A,I,13,A,8.34685,0.154171
242,I-13-V,I,13,V,3.29253,0.0443079
243,I-13-L,I,13,L,-0.157852,0.448646
244,I-13-M,I,13,M,1.88052,1.05459
245,I-13-I,I,13,I,0.0155352,0.0158237
246,I-13-F,I,13,F,13.9376,0.316518
247,I-13-Y,I,13,Y,24.4184,0.708397
248,I-13-W,I,13,W,25.3772,0.88849
249,I-13-K,I,13,K,7.34319,0.318041
250,I-13-R,I,13,R,11.5287,1.20998
251,I-13-D,I,13,D,11.6989,0.607015
252,I-13-E,I,13,E,10.4327,0.271876
253,I-13-S,I,13,S,11.2804,0.0906528
254,I-13-T,I,13,T,8.0923,0.248217
255,I-13-C,I,13,C,6.63713,0.197503
256,I-13-N,I,13,N,7.27887,0.346444
257,I-13-Q,I,13,Q,7.56723,0.446291
258,I-13-H,I,13,H,14.6249,3.17949
259,I-13-P,I,13,P,8.92677,0.318297
260,Q-14-G,Q,14,G,3.03272,0.245725
261,Q-14-A,Q,14,A,0.803413,0.353234
262,Q-14-V,Q,14,V,-0.354145,0.678172
263,Q-14-L,Q,14,L,-4.48716,0.0907704
264,Q-14-M,Q,14,M,-3.66718,0.48941
265,Q-14-I,Q,14,I,1.32055,0.321269
266,Q-14-F,Q,14,F,17.1729,1.40352
267,Q-14-Y,Q,14,Y,36.0347,1.25614
268,Q-14-W,Q,14,W,39.3388,0.919581
269,Q-14-K,Q,14,K,2.34802,1.16479
270,Q-14-R,Q,14,R,9.52636,0.688394
271,Q-14-D,Q,14,D,5.69808,0.236676
272,Q-14-E,Q,14,E,7.29835,1.98958
273,Q-14-S,Q,14,S,3.60434,0.146376
274,Q-14-T,Q,14,T,1.02402,0.845281
275,Q-14-C,Q,14,C,0.477234,0.246392
276,Q-14-N,Q,14,N,-0.606617,0.275737
277,Q-14-Q,Q,14,Q,-0.0152274,0.0685295
278,Q-14-H,Q,14,H,7.53821,1.23221
279,Q-14-P,Q,14,P,13.8948,0.312847
280,I-15-G,I,15,G,9.90269,0.157826
281,I-15-A,I,15,A,3.42307,0.191782
282,I-15-V,I,15,V,0.951376,0.341246
283,I-15-L,I,15,L,-0.925327,0.133842
284,I-15-M,I,15,M,-0.207026,0.395437
285,I-15-I,I,15,I,0.0107506,0.0238625
286,I-15-F,I,15,F,5.65453,0.666764
287,I-15-Y,I,15,Y,12.7103,1.10091
288,I-15-W,I,15,W,24.2712,1.61319
289,I-15-K,I,15,K,7.043,0.271388
290,I-15-R,I,15,R,9.52399,1.02856
291,I-15-D,I,15,D,6.72479,0.0386176
292,I-15-E,I,15,E,5.55286,0.363733
293,I-15-S,I,15,S,2.12316,0.179145
294,I-15-T,I,15,T,3.96618,0.233551
295,I-15-C,I,15,C,1.04751,0.282314
296,I-15-N,I,15,N,3.06226,0.194441
297,I-15-Q,I,15,Q,5.40414,0.909079
298,I-15-H,I,15,H,7.21935,0.225485
299,I-15-P,I,15,P,7.221,0.0930328
300,G-16-G,G,16,G,-1.70786e-11,3.43775e-11
301,G-16-A,G,16,A,12.3431,0.0809811
302,G-16-V,G,16,V,39.1286,3.27208
303,G-16-L,G,16,L,45.0675,2.78838
304,G-16-M,G,16,M,41.1207,3.62245
305,G-16-I,G,16,I,55.5529,0.929315
306,G-16-F,G,16,F,84.1274,1.15337
307,G-16-Y,G,16,Y,92.4027,1.3664
308,G-16-W,G,16,W,126.671,10.4208
309,G-16-K,G,16,K,54.7259,3.30418
310,G-16-R,G,16,R,54.7204,2.14218
311,G-16-D,G,16,D,36.0715,1.13833
312,G-16-E,G,16,E,49.4283,3.91947
313,G-16-S,G,16,S,20.0884,0.607947
314,G-16-T,G,16,T,39.3518,1.1545
315,G-16-C,G,16,C,23.0936,2.35359
316,G-16-N,G,16,N,40.0049,4.28201
317,G-16-Q,G,16,Q,50.3561,2.89626
318,G-16-H,G,16,H,88.3936,1.23176
319,G-16-P,G,16,P,26.4059,0.478614
320,N-17-G,N,17,G,2.46822,0.127591
321,N-17-A,N,17,A,1.81792,0.0837708
322,N-17-V,N,17,V,-0.207868,0.172237
323,N-17-L,N,17,L,-1.43166,0.246183
324,N-17-M,N,17,M,-1.85407,0.115042
325,N-17-I,N,17,I,-1.99019,0.691362
326,N-17-F,N,17,F,-2.25883,0.272001
327,N-17-Y,N,17,Y,-1.72682,0.104941
328,N-17-W,N,17,W,-3.18364,0.550821
329,N-17-K,N,17,K,-0.0905194,0.113857
330,N-17-R,N,17,R,1.04225,0.300524
331,N-17-D,N,17,D,1.19058,0.149016
332,N-17-E,N,17,E,1.07165,0.203451
333,N-17-S,N,17,S,2.0003,0.0347506
334,N-17-T,N,17,T,-0.172392,0.0835465
335,N-17-C,N,17,C,1.43153,0.12289
336,N-17-N,N,17,N,0.299008,0.440148
337,N-17-Q,N,17,Q,0.345712,0.325022
338,N-17-H,N,17,H,0.982775,0.231195
339,N-17-P,N,17,P,4.5196,0.1001
340,H-18-G,H,18,G,-2.47008,0.0451292
341,H-18-A,H,18,A,1.65237,0.0395234
342,H-18-V,H,18,V,3.20366,0.0493793
343,H-18-L,H,18,L,-0.359173,0.0179986
344,H-18-M,H,18,M,2.29599,0.296934
345,H-18-I,H,18,I,2.82075,0.0398445
346,H-18-F,H,18,F,-2.08699,0.0359113
347,H-18-Y,H,18,Y,-0.961223,0.0300434
348,H-18-W,H,18,W,2.11346,0.178308
349,H-18-K,H,18,K,-0.296921,0.112326
350,H-18-R,H,18,R,0.79195,0.105025
351,H-18-D,H,18,D,1.98201,0.0126935
352,H-18-E,H,18,E,1.10854,0.0554852
353,H-18-S,H,18,S,2.39634,0.0186125
354,H-18-T,H,18,T,5.07433,0.0605151
355,H-18-C,H,18,C,1.32526,0.0429968
356,H-18-N,H,18,N,-0.39394,0.273691
357,H-18-Q,H,18,Q,0.00200513,0.0895328
358,H-18-H,H,18,H,0.120492,0.0481669
359,H-18-P,H,18,P,13.4822,0.0239531
360,N-19-G,N,19,G,5.1774,0.200715
361,N-19-A,N,19,A,2.65717,0.155691
362,N-19-V,N,19,V,2.51719,0.0892631
363,N-19-L,N,19,L,3.93791,0.00808331
364,N-19-M,N,19,M,6.99742,0.873115
365,N-19-I,N,19,I,2.07908,0.471373
366,N-19-F,N,19,F,17.0509,4.34487
367,N-19-Y,N,19,Y,22.5133,7.37473
368,N-19-W,N,19,W,42.8735,4.66668
369,N-19-K,N,19,K,13.1421,1.09845
370,N-19-R,N,19,R,21.4114,1.57319
371,N-19-D,N,19,D,10.5587,0.120396
372,N-19-E,N,19,E,9.68115,0.339421
373,N-19-S,N,19,S,5.27963,0.146087
374,N-19-T,N,19,T,5.22356,0.0979972
375,N-19-C,N,19,C,2.7733,0.225676
376,N-19-N,N,19,N,-0.0182029,0.0238903
377,N-19-Q,N,19,Q,9.2957,0.323523
378,N-19-H,N,19,H,22.3286,3.01053
379,N-19-P,N,19,P,2.96268,0.165995
380,Y-20-G,Y,20,G,7.8725,0.0676381
381,Y-20-A,Y,20,A,4.40274,0.0763776
382,Y-20-V,Y,20,V,2.56529,0.198711
383,Y-20-L,Y,20,L,1.7752,0.0822
384,Y-20-M,Y,20,M,1.36439,0.122286
385,Y-20-I,Y,20,I,1.06676,0.0205827
386,Y-20-F,Y,20,F,0.707971,0.092661
387,Y-20-Y,Y,20,Y,-0.205576,0.16625
388,Y-20-W,Y,20,W,0.690984,0.327841
389,Y-20-K,Y,20,K,1.31493,0.365786
390,Y-20-R,Y,20,R,0.934688,0.128137
391,Y-20-D,Y,20,D,5.46908,0.187769
392,Y-20-E,Y,20,E,4.96688,0.137142
393,Y-20-S,Y,20,S,4.51372,0.211854
394,Y-20-T,Y,20,T,3.29503,0.127557
395,Y-20-C,Y,20,C,3.77078,0.020188
396,Y-20-N,Y,20,N,3.62516,0.16724
397,Y-20-Q,Y,20,Q,3.20323,0.257657
398,Y-20-H,Y,20,H,1.79476,0.0992353
399,Y-20-P,Y,20,P,9.64651,0.19426
400,M-21-G,M,21,G,10.9894,0.0137814
401,M-21-A,M,21,A,6.50416,0.140656
402,M-21-V,M,21,V,9.91039,0.570421
403,M-21-L,M,21,L,1.78759,0.575772
404,M-21-M,M,21,M,-0.0290437,0.0169534
405,M-21-I,M,21,I,9.10007,0.422431
406,M-21-F,M,21,F,7.12007,0.232622
407,M-21-Y,M,21,Y,13.2614,1.09045
408,M-21-W,M,21,W,21.2677,0.926529
409,M-21-K,M,21,K,5.02197,0.514067
410,M-21-R,M,21,R,12.8754,3.59647
411,M-21-D,M,21,D,16.1814,0.767609
412,M-21-E,M,21,E,13.121,0.373336
413,M-21-S,M,21,S,4.745,0.03677
414,M-21-T,M,21,T,7.95293,0.198611
415,M-21-C,M,21,C,3.48677,0.0735689
416,M-21-N,M,21,N,5.77959,0.588189
417,M-21-Q,M,21,Q,6.09697,0.380175
418,M-21-H,M,21,H,4.52578,0.230316
419,M-21-P,M,21,P,16.6529,0.862554
420,D-22-G,D,22,G,1.53333,0.1056
421,D-22-A,D,22,A,0.96285,0.0841623
422,D-22-V,D,22,V,-1.34319,0.0909602
423,D-22-L,D,22,L,-3.02301,0.313851
424,D-22-M,D,22,M,-1.94216,0.154642
425,D-22-I,D,22,I,-2.12647,0.141878
426,D-22-F,D,22,F,-0.483302,0.276825
427,D-22-Y,D,22,Y,-0.890986,0.441058
428,D-22-W,D,22,W,0.371518,0.208771
429,D-22-K,D,22,K,-1.88328,0.0401035
430,D-22-R,D,22,R,-0.44004,0.188208
431,D-22-D,D,22,D,0.134378,0.0838962
432,D-22-E,D,22,E,-0.216024,0.0618629
433,D-22-S,D,22,S,1.15319,0.0557188
434,D-22-T,D,22,T,0.152967,0.0879703
435,D-22-C,D,22,C,-0.199751,0.860106
436,D-22-N,D,22,N,0.118378,0.0761521
437,D-22-Q,D,22,Q,-0.531127,0.237453
438,D-22-H,D,22,H,2.15157,0.145691
439,D-22-P,D,22,P,-0.59339,0.180684
440,V-23-G,V,23,G,4.57226,0.00274425
441,V-23-A,V,23,A,3.2181,0.00241459
442,V-23-V,V,23,V,0.00293696,0.00276528
443,V-23-L,V,23,L,-1.46997,0.0880301
444,V-23-M,V,23,M,-1.36152,0.0161401
445,V-23-I,V,23,I,-0.659644,0.0142066
446,V-23-F,V,23,F,-1.37814,0.458206
447,V-23-Y,V,23,Y,-0.196079,0.168912
448,V-23-W,V,23,W,-0.3905,0.251522
449,V-23-K,V,23,K,-0.241407,0.127717
450,V-23-R,V,23,R,0.103591,0.0504189
451,V-23-D,V,23,D,6.15298,0.0840204
452,V-23-E,V,23,E,4.78813,0.159254
453,V-23-S,V,23,S,2.92002,0.117344
454,V-23-T,V,23,T,1.7033,0.0106008
455,V-23-C,V,23,C,1.58087,0.0692162
456,V-23-N,V,23,N,1.59011,0.0110975
457,V-23-Q,V,23,Q,2.09053,0.155789
458,V-23-H,V,23,H,2.71749,0.0798384
459,V-23-P,V,23,P,6.61241,0.273255
460,G-24-G,G,24,G,-4.54747e-13,9.38003e-13
461,G-24-A,G,24,A,7.09849,2.08864e-14
462,G-24-V,G,24,V,11.8922,0.442278
463,G-24-L,G,24,L,7.96258,0.0150299
464,G-24-M,G,24,M,6.86386,0.0885338
465,G-24-I,G,24,I,13.5705,0.27125
466,G-24-F,G,24,F,4.64299,0.00401834
467,G-24-Y,G,24,Y,5.50934,0.00481813
468,G-24-W,G,24,W,9.48587,0.586704
469,G-24-K,G,24,K,6.33646,0.25349
470,G-24-R,G,24,R,5.34159,0.221347
471,G-24-D,G,24,D,13.4842,0.0310649
472,G-24-E,G,24,E,12.4508,0.0738417
473,G-24-S,G,24,S,7.69244,0.198401
474,G-24-T,G,24,T,8.8449,0.17395
475,G-24-C,G,24,C,7.45849,0.0442866
476,G-24-N,G,24,N,8.38923,0.0458187
477,G-24-Q,G,24,Q,7.20081,0.137641
478,G-24-H,G,24,H,8.61645,0.298483
479,G-24-P,G,24,P,15.7929,0.0199763
